time,nb_sleeping,nb_switching_on,nb_switching_off,nb_idle,nb_computing
0.0,0,0,0,64,0
0.0,0,0,0,63,1
22.0,0,0,0,63,1
22.0,0,0,0,62,2
350.0,0,0,0,63,1
372.0,0,0,0,64,0
421.0,0,0,0,64,0
421.0,0,0,0,63,1
422.0,0,0,0,64,0
506.0,0,0,0,64,0
506.0,0,0,0,63,1
509.0,0,0,0,63,1
509.0,0,0,0,62,2
512.0,0,0,0,62,2
512.0,0,0,0,61,3
548.0,0,0,0,62,2
551.0,0,0,0,63,1
553.0,0,0,0,64,0
597.0,0,0,0,64,0
597.0,0,0,0,63,1
624.0,0,0,0,63,1
624.0,0,0,0,62,2
650.0,0,0,0,62,2
650.0,0,0,0,61,3
909.0,0,0,0,61,3
909.0,0,0,0,53,11
910.0,0,0,0,53,11
910.0,0,0,0,45,19
911.0,0,0,0,45,19
911.0,0,0,0,21,43
912.0,0,0,0,21,43
912.0,0,0,0,5,59
913.0,0,0,0,5,59
914.0,0,0,0,5,59
947.0,0,0,0,6,58
974.0,0,0,0,7,57
1000.0,0,0,0,8,56
1000.0,0,0,0,0,64
1038.0,0,0,0,0,64
1040.0,0,0,0,0,64
1041.0,0,0,0,0,64
1043.0,0,0,0,0,64
1045.0,0,0,0,0,64
1046.0,0,0,0,0,64
1048.0,0,0,0,0,64
1050.0,0,0,0,0,64
1051.0,0,0,0,0,64
1062.0,0,0,0,0,64
1063.0,0,0,0,0,64
1065.0,0,0,0,0,64
1066.0,0,0,0,0,64
1068.0,0,0,0,0,64
1069.0,0,0,0,0,64
1071.0,0,0,0,0,64
1073.0,0,0,0,0,64
1074.0,0,0,0,0,64
1818.0,0,0,0,8,56
1818.0,0,0,0,0,64
1819.0,0,0,0,8,56
1819.0,0,0,0,0,64
1820.0,0,0,0,8,56
1820.0,0,0,0,0,64
1823.0,0,0,0,24,40
1823.0,0,0,0,0,64
1824.0,0,0,0,8,56
1824.0,0,0,0,0,64
1837.0,0,0,0,0,64
1838.0,0,0,0,0,64
1839.0,0,0,0,0,64
1840.0,0,0,0,0,64
1841.0,0,0,0,0,64
1842.0,0,0,0,0,64
1843.0,0,0,0,0,64
1862.0,0,0,0,0,64
1907.0,0,0,0,8,56
1907.0,0,0,0,0,64
1932.0,0,0,0,0,64
1933.0,0,0,0,0,64
1938.0,0,0,0,0,64
1939.0,0,0,0,0,64
1968.0,0,0,0,0,64
2727.0,0,0,0,8,56
2727.0,0,0,0,0,64
2730.0,0,0,0,8,56
2730.0,0,0,0,0,64
2731.0,0,0,0,2,62
2731.0,0,0,0,0,64
2732.0,0,0,0,16,48
2732.0,0,0,0,0,64
2734.0,0,0,0,16,48
2734.0,0,0,0,0,64
2735.0,0,0,0,8,56
2735.0,0,0,0,0,64
2764.0,0,0,0,0,64
2765.0,0,0,0,0,64
2767.0,0,0,0,0,64
2768.0,0,0,0,0,64
2769.0,0,0,0,0,64
2770.0,0,0,0,0,64
2771.0,0,0,0,0,64
2772.0,0,0,0,0,64
2816.0,0,0,0,8,56
2816.0,0,0,0,0,64
2966.0,0,0,0,0,64
2968.0,0,0,0,0,64
2969.0,0,0,0,0,64
2971.0,0,0,0,0,64
2972.0,0,0,0,0,64
2974.0,0,0,0,0,64
2976.0,0,0,0,0,64
2977.0,0,0,0,0,64
2991.0,0,0,0,0,64
2992.0,0,0,0,0,64
2994.0,0,0,0,0,64
2995.0,0,0,0,0,64
2997.0,0,0,0,0,64
2998.0,0,0,0,0,64
3000.0,0,0,0,0,64
3001.0,0,0,0,0,64
3049.0,0,0,0,0,64
3051.0,0,0,0,0,64
3054.0,0,0,0,0,64
3140.0,0,0,0,0,64
3167.0,0,0,0,0,64
3190.0,0,0,0,0,64
3559.0,0,0,0,0,64
3560.0,0,0,0,0,64
3562.0,0,0,0,0,64
3563.0,0,0,0,0,64
3565.0,0,0,0,0,64
3566.0,0,0,0,0,64
3568.0,0,0,0,0,64
3570.0,0,0,0,0,64
3582.0,0,0,0,0,64
3583.0,0,0,0,0,64
3585.0,0,0,0,0,64
3586.0,0,0,0,0,64
3588.0,0,0,0,0,64
3589.0,0,0,0,0,64
3590.0,0,0,0,0,64
3592.0,0,0,0,0,64
3593.0,0,0,0,0,64
3600.0,0,0,0,0,64
3637.0,0,0,0,8,56
3637.0,0,0,0,0,64
3638.0,0,0,0,8,56
3638.0,0,0,0,0,64
3640.0,0,0,0,8,56
3640.0,0,0,0,0,64
3641.0,0,0,0,16,48
3641.0,0,0,0,0,64
3699.0,0,0,0,0,64
3700.0,0,0,0,0,64
3701.0,0,0,0,0,64
3703.0,0,0,0,0,64
3704.0,0,0,0,0,64
3705.0,0,0,0,0,64
3724.0,0,0,0,8,56
3724.0,0,0,0,0,64
3974.0,0,0,0,1,63
4083.0,0,0,0,2,62
4092.0,0,0,0,3,61
4146.0,0,0,0,4,60
4147.0,0,0,0,5,59
4180.0,0,0,0,6,58
4184.0,0,0,0,7,57
4191.0,0,0,0,8,56
4191.0,0,0,0,0,64
4291.0,0,0,0,1,63
4291.0,0,0,0,0,64
4312.0,0,0,0,1,63
4312.0,0,0,0,0,64
4318.0,0,0,0,1,63
4318.0,0,0,0,0,64
4319.0,0,0,0,2,62
4319.0,0,0,0,0,64
4321.0,0,0,0,1,63
4321.0,0,0,0,0,64
4335.0,0,0,0,1,63
4335.0,0,0,0,0,64
4336.0,0,0,0,1,63
4336.0,0,0,0,0,64
4343.0,0,0,0,1,63
4343.0,0,0,0,0,64
4346.0,0,0,0,1,63
4346.0,0,0,0,0,64
4348.0,0,0,0,1,63
4348.0,0,0,0,0,64
4350.0,0,0,0,1,63
4350.0,0,0,0,0,64
4352.0,0,0,0,1,63
4352.0,0,0,0,0,64
4357.0,0,0,0,1,63
4357.0,0,0,0,0,64
4359.0,0,0,0,1,63
4359.0,0,0,0,0,64
4364.0,0,0,0,1,63
4364.0,0,0,0,0,64
4367.0,0,0,0,1,63
4367.0,0,0,0,0,64
4372.0,0,0,0,1,63
4372.0,0,0,0,0,64
4379.0,0,0,0,1,63
4379.0,0,0,0,0,64
4381.0,0,0,0,2,62
4381.0,0,0,0,0,64
4382.0,0,0,0,2,62
4382.0,0,0,0,0,64
4410.0,0,0,0,1,63
4410.0,0,0,0,0,64
4414.0,0,0,0,1,63
4414.0,0,0,0,0,64
4420.0,0,0,0,1,63
4420.0,0,0,0,0,64
4545.0,0,0,0,8,56
4545.0,0,0,0,0,64
4546.0,0,0,0,8,56
4546.0,0,0,0,0,64
4547.0,0,0,0,8,56
4547.0,0,0,0,0,64
4548.0,0,0,0,8,56
4548.0,0,0,0,0,64
4549.0,0,0,0,8,56
4549.0,0,0,0,0,64
4560.0,0,0,0,8,56
4560.0,0,0,0,0,64
4565.0,0,0,0,8,56
4565.0,0,0,0,0,64
4625.0,0,0,0,0,64
4627.0,0,0,0,0,64
4628.0,0,0,0,0,64
4629.0,0,0,0,8,56
4629.0,0,0,0,0,64
4630.0,0,0,0,1,63
4630.0,0,0,0,0,64
4631.0,0,0,0,0,64
4666.0,0,0,0,0,64
4669.0,0,0,0,0,64
4731.0,0,0,0,2,62
4731.0,0,0,0,0,64
4732.0,0,0,0,1,63
4732.0,0,0,0,0,64
5099.0,0,0,0,8,56
5099.0,0,0,0,0,64
5451.0,0,0,0,8,56
5451.0,0,0,0,0,64
5452.0,0,0,0,0,64
5454.0,0,0,0,0,64
5455.0,0,0,0,0,64
5457.0,0,0,0,0,64
5459.0,0,0,0,0,64
5460.0,0,0,0,0,64
5462.0,0,0,0,0,64
5465.0,0,0,0,8,56
5465.0,0,0,0,0,64
5476.0,0,0,0,0,64
5477.0,0,0,0,0,64
5479.0,0,0,0,0,64
5481.0,0,0,0,0,64
5483.0,0,0,0,0,64
5484.0,0,0,0,0,64
5486.0,0,0,0,0,64
5487.0,0,0,0,0,64
5529.0,0,0,0,0,64
5531.0,0,0,0,0,64
5534.0,0,0,0,0,64
5564.0,0,0,0,0,64
5565.0,0,0,0,0,64
5566.0,0,0,0,0,64
5567.0,0,0,0,0,64
5568.0,0,0,0,0,64
5569.0,0,0,0,0,64
5570.0,0,0,0,0,64
5571.0,0,0,0,0,64
5618.0,0,0,0,0,64
5647.0,0,0,0,0,64
5675.0,0,0,0,0,64
5801.0,0,0,0,1,63
5801.0,0,0,0,0,64
5833.0,0,0,0,1,63
5833.0,0,0,0,0,64
5869.0,0,0,0,1,63
5869.0,0,0,0,0,64
5890.0,0,0,0,1,63
5890.0,0,0,0,0,64
5924.0,0,0,0,1,63
5924.0,0,0,0,0,64
5946.0,0,0,0,1,63
5946.0,0,0,0,0,64
5976.0,0,0,0,1,63
5976.0,0,0,0,0,64
6018.0,0,0,0,1,63
6018.0,0,0,0,0,64
6060.0,0,0,0,1,63
6060.0,0,0,0,0,64
6063.0,0,0,0,0,64
6064.0,0,0,0,0,64
6066.0,0,0,0,0,64
6068.0,0,0,0,0,64
6069.0,0,0,0,0,64
6071.0,0,0,0,0,64
6072.0,0,0,0,0,64
6074.0,0,0,0,0,64
6101.0,0,0,0,1,63
6101.0,0,0,0,0,64
6120.0,0,0,0,1,63
6120.0,0,0,0,0,64
6124.0,0,0,0,1,63
6124.0,0,0,0,0,64
6128.0,0,0,0,1,63
6163.0,0,0,0,2,62
6166.0,0,0,0,3,61
6451.0,0,0,0,4,60
6470.0,0,0,0,5,59
6474.0,0,0,0,6,58
6486.0,0,0,0,6,58
6488.0,0,0,0,6,58
6489.0,0,0,0,6,58
6490.0,0,0,0,6,58
6491.0,0,0,0,6,58
6492.0,0,0,0,6,58
6493.0,0,0,0,6,58
6506.0,0,0,0,7,57
6572.0,0,0,0,8,56
6572.0,0,0,0,0,64
7424.0,0,0,0,0,64
7425.0,0,0,0,0,64
7427.0,0,0,0,0,64
7428.0,0,0,0,0,64
7429.0,0,0,0,0,64
7459.0,0,0,0,0,64
7463.0,0,0,0,0,64
7490.0,0,0,0,8,56
7490.0,0,0,0,0,64
7574.0,0,0,0,0,64
7889.0,0,0,0,0,64
7890.0,0,0,0,0,64
7892.0,0,0,0,0,64
7895.0,0,0,0,0,64
7896.0,0,0,0,0,64
7898.0,0,0,0,0,64
7899.0,0,0,0,0,64
7951.0,0,0,0,0,64
7953.0,0,0,0,0,64
7956.0,0,0,0,0,64
8037.0,0,0,0,0,64
8061.0,0,0,0,0,64
8083.0,0,0,0,0,64
8347.0,0,0,0,0,64
8348.0,0,0,0,0,64
8349.0,0,0,0,0,64
8350.0,0,0,0,0,64
8351.0,0,0,0,0,64
8352.0,0,0,0,0,64
8353.0,0,0,0,0,64
8354.0,0,0,0,0,64
8405.0,0,0,0,8,56
8405.0,0,0,0,0,64
8454.0,0,0,0,0,64
8456.0,0,0,0,0,64
8457.0,0,0,0,0,64
8459.0,0,0,0,0,64
8462.0,0,0,0,0,64
8465.0,0,0,0,0,64
8467.0,0,0,0,0,64
8566.0,0,0,0,0,64
8568.0,0,0,0,0,64
8571.0,0,0,0,0,64
8656.0,0,0,0,0,64
8678.0,0,0,0,0,64
8701.0,0,0,0,0,64
9079.0,0,0,0,0,64
9081.0,0,0,0,0,64
9106.0,0,0,0,0,64
9108.0,0,0,0,0,64
9109.0,0,0,0,0,64
9185.0,0,0,0,0,64
9188.0,0,0,0,0,64
9191.0,0,0,0,0,64
9277.0,0,0,0,0,64
9278.0,0,0,0,0,64
9280.0,0,0,0,0,64
9281.0,0,0,0,0,64
9282.0,0,0,0,0,64
9283.0,0,0,0,0,64
9306.0,0,0,0,0,64
9319.0,0,0,0,8,56
9319.0,0,0,0,0,64
9329.0,0,0,0,0,64
9723.0,0,0,0,0,64
9725.0,0,0,0,0,64
9726.0,0,0,0,0,64
9728.0,0,0,0,0,64
9729.0,0,0,0,0,64
9731.0,0,0,0,0,64
9732.0,0,0,0,0,64
9734.0,0,0,0,0,64
9748.0,0,0,0,0,64
9749.0,0,0,0,0,64
9751.0,0,0,0,0,64
9752.0,0,0,0,0,64
9754.0,0,0,0,0,64
9755.0,0,0,0,0,64
9757.0,0,0,0,0,64
9759.0,0,0,0,0,64
10212.0,0,0,0,0,64
10213.0,0,0,0,0,64
10214.0,0,0,0,0,64
10215.0,0,0,0,0,64
10216.0,0,0,0,0,64
10217.0,0,0,0,0,64
10232.0,0,0,0,8,56
10232.0,0,0,0,0,64
10242.0,0,0,0,0,64
11140.0,0,0,0,0,64
11141.0,0,0,0,0,64
11142.0,0,0,0,0,64
11144.0,0,0,0,0,64
11145.0,0,0,0,0,64
11146.0,0,0,0,0,64
11147.0,0,0,0,8,56
11147.0,0,0,0,0,64
11148.0,0,0,0,8,56
11148.0,0,0,0,0,64
11149.0,0,0,0,0,64
11646.0,0,0,0,0,64
11648.0,0,0,0,0,64
11650.0,0,0,0,0,64
11651.0,0,0,0,0,64
11653.0,0,0,0,0,64
11654.0,0,0,0,0,64
11656.0,0,0,0,0,64
11658.0,0,0,0,0,64
11671.0,0,0,0,0,64
11673.0,0,0,0,0,64
11674.0,0,0,0,0,64
11676.0,0,0,0,0,64
11677.0,0,0,0,0,64
11679.0,0,0,0,0,64
11680.0,0,0,0,0,64
11682.0,0,0,0,0,64
11741.0,0,0,0,0,64
11743.0,0,0,0,0,64
11746.0,0,0,0,0,64
11819.0,0,0,0,0,64
11846.0,0,0,0,0,64
11870.0,0,0,0,0,64
12062.0,0,0,0,8,56
12062.0,0,0,0,0,64
12065.0,0,0,0,8,56
12065.0,0,0,0,0,64
12069.0,0,0,0,0,64
12070.0,0,0,0,0,64
12071.0,0,0,0,0,64
12073.0,0,0,0,0,64
12074.0,0,0,0,0,64
12075.0,0,0,0,0,64
12378.0,0,0,0,0,64
12381.0,0,0,0,0,64
12383.0,0,0,0,0,64
12470.0,0,0,0,0,64
12495.0,0,0,0,0,64
12518.0,0,0,0,0,64
12919.0,0,0,0,0,64
12921.0,0,0,0,0,64
12922.0,0,0,0,0,64
12924.0,0,0,0,0,64
12925.0,0,0,0,0,64
12927.0,0,0,0,0,64
12928.0,0,0,0,0,64
12930.0,0,0,0,0,64
12944.0,0,0,0,0,64
12945.0,0,0,0,0,64
12947.0,0,0,0,0,64
12948.0,0,0,0,0,64
12950.0,0,0,0,0,64
12952.0,0,0,0,0,64
12953.0,0,0,0,0,64
12955.0,0,0,0,0,64
12978.0,0,0,0,8,56
12978.0,0,0,0,0,64
12979.0,0,0,0,8,56
12979.0,0,0,0,0,64
13087.0,0,0,0,0,64
13088.0,0,0,0,0,64
13089.0,0,0,0,0,64
13090.0,0,0,0,0,64
13091.0,0,0,0,0,64
13092.0,0,0,0,0,64
13895.0,0,0,0,8,56
13895.0,0,0,0,0,64
13896.0,0,0,0,8,56
13896.0,0,0,0,0,64
14021.0,0,0,0,0,64
14023.0,0,0,0,0,64
14024.0,0,0,0,0,64
14025.0,0,0,0,0,64
14026.0,0,0,0,0,64
14027.0,0,0,0,0,64
14808.0,0,0,0,8,56
14808.0,0,0,0,0,64
14809.0,0,0,0,8,56
14809.0,0,0,0,0,64
14918.0,0,0,0,0,64
14920.0,0,0,0,0,64
14921.0,0,0,0,0,64
14923.0,0,0,0,0,64
14924.0,0,0,0,0,64
14926.0,0,0,0,0,64
14927.0,0,0,0,0,64
14929.0,0,0,0,0,64
14943.0,0,0,0,0,64
14945.0,0,0,0,0,64
14947.0,0,0,0,0,64
14948.0,0,0,0,0,64
14950.0,0,0,0,0,64
14951.0,0,0,0,0,64
14953.0,0,0,0,0,64
14954.0,0,0,0,0,64
14961.0,0,0,0,0,64
14962.0,0,0,0,0,64
14964.0,0,0,0,0,64
14965.0,0,0,0,0,64
15013.0,0,0,0,0,64
15016.0,0,0,0,0,64
15019.0,0,0,0,0,64
15102.0,0,0,0,0,64
15127.0,0,0,0,0,64
15153.0,0,0,0,0,64
15325.0,0,0,0,8,56
15325.0,0,0,0,0,64
15338.0,0,0,0,8,56
15338.0,0,0,0,0,64
15339.0,0,0,0,1,63
15339.0,0,0,0,0,64
15341.0,0,0,0,8,56
15341.0,0,0,0,0,64
15406.0,0,0,0,8,56
15406.0,0,0,0,0,64
15541.0,0,0,0,0,64
15542.0,0,0,0,0,64
15544.0,0,0,0,0,64
15635.0,0,0,0,0,64
15638.0,0,0,0,0,64
15640.0,0,0,0,0,64
15696.0,0,0,0,8,56
15696.0,0,0,0,0,64
15697.0,0,0,0,8,56
15697.0,0,0,0,0,64
15724.0,0,0,0,0,64
15751.0,0,0,0,0,64
15775.0,0,0,0,0,64
15876.0,0,0,0,8,56
15876.0,0,0,0,0,64
16166.0,0,0,0,0,64
16167.0,0,0,0,0,64
16169.0,0,0,0,0,64
16171.0,0,0,0,0,64
16173.0,0,0,0,0,64
16174.0,0,0,0,0,64
16176.0,0,0,0,0,64
16177.0,0,0,0,0,64
16179.0,0,0,0,0,64
16180.0,0,0,0,0,64
16182.0,0,0,0,0,64
16183.0,0,0,0,0,64
16190.0,0,0,0,0,64
16192.0,0,0,0,0,64
16234.0,0,0,0,8,56
16234.0,0,0,0,0,64
16242.0,0,0,0,8,56
16242.0,0,0,0,0,64
16252.0,0,0,0,8,56
16252.0,0,0,0,0,64
16316.0,0,0,0,8,56
16316.0,0,0,0,0,64
16434.0,0,0,0,1,63
16434.0,0,0,0,0,64
16437.0,0,0,0,1,63
16437.0,0,0,0,0,64
16458.0,0,0,0,1,63
16458.0,0,0,0,0,64
16469.0,0,0,0,1,63
16469.0,0,0,0,0,64
16488.0,0,0,0,2,62
16488.0,0,0,0,0,64
16507.0,0,0,0,2,62
16507.0,0,0,0,0,64
16529.0,0,0,0,2,62
16529.0,0,0,0,0,64
16554.0,0,0,0,1,63
16554.0,0,0,0,0,64
16558.0,0,0,0,1,63
16558.0,0,0,0,0,64
16561.0,0,0,0,1,63
16561.0,0,0,0,0,64
16566.0,0,0,0,1,63
16566.0,0,0,0,0,64
16607.0,0,0,0,16,48
16607.0,0,0,0,0,64
16619.0,0,0,0,0,64
16776.0,0,0,0,1,63
16776.0,0,0,0,0,64
16777.0,0,0,0,1,63
16777.0,0,0,0,0,64
16780.0,0,0,0,1,63
16780.0,0,0,0,0,64
16781.0,0,0,0,1,63
16781.0,0,0,0,0,64
16784.0,0,0,0,8,56
16784.0,0,0,0,0,64
17143.0,0,0,0,8,56
17143.0,0,0,0,0,64
17152.0,0,0,0,8,56
17152.0,0,0,0,0,64
17159.0,0,0,0,8,56
17159.0,0,0,0,0,64
17224.0,0,0,0,8,56
17224.0,0,0,0,0,64
17517.0,0,0,0,16,48
17517.0,0,0,0,0,64
17678.0,0,0,0,0,64
17694.0,0,0,0,8,56
17694.0,0,0,0,0,64
17970.0,0,0,0,1,63
17970.0,0,0,0,0,64
17983.0,0,0,0,1,63
17983.0,0,0,0,0,64
18006.0,0,0,0,1,63
18006.0,0,0,0,0,64
18019.0,0,0,0,1,63
18019.0,0,0,0,0,64
18027.0,0,0,0,1,63
18027.0,0,0,0,0,64
18047.0,0,0,0,1,63
18047.0,0,0,0,0,64
18051.0,0,0,0,8,56
18051.0,0,0,0,0,64
18056.0,0,0,0,8,56
18056.0,0,0,0,0,64
18061.0,0,0,0,1,63
18061.0,0,0,0,0,64
18065.0,0,0,0,8,56
18065.0,0,0,0,0,64
18074.0,0,0,0,1,63
18074.0,0,0,0,0,64
18079.0,0,0,0,1,63
18079.0,0,0,0,0,64
18116.0,0,0,0,1,63
18116.0,0,0,0,0,64
18122.0,0,0,0,1,63
18122.0,0,0,0,0,64
18140.0,0,0,0,8,56
18140.0,0,0,0,0,64
18157.0,0,0,0,1,63
18157.0,0,0,0,0,64
18251.0,0,0,0,1,63
18251.0,0,0,0,0,64
18254.0,0,0,0,1,63
18254.0,0,0,0,0,64
18255.0,0,0,0,1,63
18255.0,0,0,0,0,64
18256.0,0,0,0,1,63
18256.0,0,0,0,0,64
18257.0,0,0,0,1,63
18257.0,0,0,0,0,64
18258.0,0,0,0,1,63
18258.0,0,0,0,0,64
18259.0,0,0,0,1,63
18259.0,0,0,0,0,64
18260.0,0,0,0,1,63
18260.0,0,0,0,0,64
18261.0,0,0,0,1,63
18261.0,0,0,0,0,64
18273.0,0,0,0,1,63
18273.0,0,0,0,0,64
18302.0,0,0,0,1,63
18302.0,0,0,0,0,64
18316.0,0,0,0,1,63
18316.0,0,0,0,0,64
18329.0,0,0,0,0,64
18330.0,0,0,0,0,64
18332.0,0,0,0,0,64
18334.0,0,0,0,0,64
18335.0,0,0,0,0,64
18337.0,0,0,0,0,64
18338.0,0,0,0,0,64
18340.0,0,0,0,0,64
18343.0,0,0,0,1,63
18343.0,0,0,0,0,64
18363.0,0,0,0,1,63
18363.0,0,0,0,0,64
18395.0,0,0,0,0,64
18397.0,0,0,0,0,64
18400.0,0,0,0,0,64
18433.0,0,0,0,16,48
18433.0,0,0,0,0,64
18472.0,0,0,0,1,63
18472.0,0,0,0,0,64
18474.0,0,0,0,1,63
18474.0,0,0,0,0,64
18476.0,0,0,0,1,63
18476.0,0,0,0,0,64
18477.0,0,0,0,1,63
18477.0,0,0,0,0,64
18478.0,0,0,0,1,63
18478.0,0,0,0,0,64
18479.0,0,0,0,1,63
18479.0,0,0,0,0,64
18489.0,0,0,0,0,64
18507.0,0,0,0,1,63
18507.0,0,0,0,0,64
18515.0,0,0,0,0,64
18524.0,0,0,0,1,63
18524.0,0,0,0,0,64
18541.0,0,0,0,0,64
18548.0,0,0,0,2,62
18548.0,0,0,0,0,64
18565.0,0,0,0,1,63
18565.0,0,0,0,0,64
18582.0,0,0,0,1,63
18582.0,0,0,0,0,64
18601.0,0,0,0,1,63
18601.0,0,0,0,0,64
18611.0,0,0,0,8,56
18611.0,0,0,0,0,64
18666.0,0,0,0,1,63
18666.0,0,0,0,0,64
18693.0,0,0,0,1,63
18693.0,0,0,0,0,64
18713.0,0,0,0,1,63
18713.0,0,0,0,0,64
18898.0,0,0,0,2,62
18898.0,0,0,0,0,64
18915.0,0,0,0,1,63
18915.0,0,0,0,0,64
18936.0,0,0,0,0,64
18958.0,0,0,0,0,64
18960.0,0,0,0,0,64
18961.0,0,0,0,0,64
18963.0,0,0,0,0,64
18964.0,0,0,0,0,64
18966.0,0,0,0,0,64
18967.0,0,0,0,0,64
18968.0,0,0,0,8,56
18968.0,0,0,0,0,64
18969.0,0,0,0,0,64
18972.0,0,0,0,8,56
18972.0,0,0,0,0,64
18978.0,0,0,0,8,56
18978.0,0,0,0,0,64
19056.0,0,0,0,8,56
19056.0,0,0,0,0,64
19349.0,0,0,0,8,56
19349.0,0,0,0,0,64
19350.0,0,0,0,8,56
19350.0,0,0,0,0,64
19527.0,0,0,0,8,56
19527.0,0,0,0,0,64
19544.0,0,0,0,8,56
19544.0,0,0,0,0,64
19565.0,0,0,0,8,56
19565.0,0,0,0,0,64
19884.0,0,0,0,8,56
19884.0,0,0,0,0,64
19887.0,0,0,0,8,56
19887.0,0,0,0,0,64
19891.0,0,0,0,8,56
19891.0,0,0,0,0,64
19963.0,0,0,0,1,63
19963.0,0,0,0,0,64
19971.0,0,0,0,8,56
19971.0,0,0,0,0,64
20055.0,0,0,0,1,63
20055.0,0,0,0,0,64
20087.0,0,0,0,1,63
20087.0,0,0,0,0,64
20260.0,0,0,0,8,56
20260.0,0,0,0,0,64
20264.0,0,0,0,8,56
20264.0,0,0,0,0,64
20333.0,0,0,0,1,63
20333.0,0,0,0,0,64
20405.0,0,0,0,1,63
20405.0,0,0,0,0,64
20474.0,0,0,0,8,56
20474.0,0,0,0,0,64
20570.0,0,0,0,1,63
20570.0,0,0,0,0,64
20722.0,0,0,0,1,63
20722.0,0,0,0,0,64
20792.0,0,0,0,8,56
20792.0,0,0,0,0,64
20795.0,0,0,0,8,56
20795.0,0,0,0,0,64
20796.0,0,0,0,1,63
20796.0,0,0,0,0,64
20798.0,0,0,0,8,56
20798.0,0,0,0,0,64
20878.0,0,0,0,8,56
20878.0,0,0,0,0,64
20920.0,0,0,0,0,64
20922.0,0,0,0,0,64
20923.0,0,0,0,0,64
20925.0,0,0,0,0,64
20926.0,0,0,0,0,64
20928.0,0,0,0,0,64
20929.0,0,0,0,0,64
20931.0,0,0,0,0,64
20998.0,0,0,0,0,64
21001.0,0,0,0,0,64
21004.0,0,0,0,0,64
21088.0,0,0,0,0,64
21115.0,0,0,0,0,64
21140.0,0,0,0,0,64
21168.0,0,0,0,8,56
21168.0,0,0,0,0,64
21171.0,0,0,0,8,56
21171.0,0,0,0,0,64
21384.0,0,0,0,8,56
21384.0,0,0,0,0,64
21526.0,0,0,0,0,64
21533.0,0,0,0,0,64
21542.0,0,0,0,0,64
21543.0,0,0,0,0,64
21647.0,0,0,0,0,64
21650.0,0,0,0,0,64
21653.0,0,0,0,0,64
21672.0,0,0,0,1,63
21672.0,0,0,0,0,64
21698.0,0,0,0,8,56
21698.0,0,0,0,0,64
21705.0,0,0,0,1,63
21705.0,0,0,0,0,64
21706.0,0,0,0,8,56
21706.0,0,0,0,0,64
21709.0,0,0,0,8,56
21709.0,0,0,0,0,64
21732.0,0,0,0,1,63
21732.0,0,0,0,0,64
21737.0,0,0,0,0,64
21756.0,0,0,0,1,63
21756.0,0,0,0,0,64
21760.0,0,0,0,0,64
21780.0,0,0,0,2,62
21780.0,0,0,0,0,64
21785.0,0,0,0,0,64
21787.0,0,0,0,8,56
21787.0,0,0,0,0,64
21799.0,0,0,0,1,63
21799.0,0,0,0,0,64
21801.0,0,0,0,1,63
21801.0,0,0,0,0,64
21802.0,0,0,0,1,63
21802.0,0,0,0,0,64
21818.0,0,0,0,1,63
21818.0,0,0,0,0,64
21823.0,0,0,0,1,63
21823.0,0,0,0,0,64
21829.0,0,0,0,1,63
21829.0,0,0,0,0,64
21841.0,0,0,0,1,63
21841.0,0,0,0,0,64
21847.0,0,0,0,1,63
21847.0,0,0,0,0,64
21854.0,0,0,0,1,63
21854.0,0,0,0,0,64
21874.0,0,0,0,1,63
21874.0,0,0,0,0,64
21882.0,0,0,0,1,63
21882.0,0,0,0,0,64
21894.0,0,0,0,1,63
21894.0,0,0,0,0,64
21898.0,0,0,0,1,63
21898.0,0,0,0,0,64
21925.0,0,0,0,1,63
21925.0,0,0,0,0,64
21936.0,0,0,0,1,63
21936.0,0,0,0,0,64
21940.0,0,0,0,1,63
21940.0,0,0,0,0,64
22052.0,0,0,0,8,56
22052.0,0,0,0,0,64
22058.0,0,0,0,1,63
22058.0,0,0,0,0,64
22079.0,0,0,0,8,56
22079.0,0,0,0,0,64
22098.0,0,0,0,1,63
22098.0,0,0,0,0,64
22101.0,0,0,0,1,63
22101.0,0,0,0,0,64
22142.0,0,0,0,2,62
22142.0,0,0,0,0,64
22168.0,0,0,0,0,64
22169.0,0,0,0,0,64
22171.0,0,0,0,0,64
22172.0,0,0,0,0,64
22174.0,0,0,0,0,64
22176.0,0,0,0,0,64
22177.0,0,0,0,0,64
22179.0,0,0,0,0,64
22181.0,0,0,0,0,64
22182.0,0,0,0,0,64
22190.0,0,0,0,0,64
22191.0,0,0,0,0,64
22193.0,0,0,0,0,64
22195.0,0,0,0,0,64
22196.0,0,0,0,0,64
22198.0,0,0,0,0,64
22199.0,0,0,0,0,64
22201.0,0,0,0,0,64
22202.0,0,0,0,0,64
22203.0,0,0,0,0,64
22265.0,0,0,0,8,56
22265.0,0,0,0,0,64
22268.0,0,0,0,1,63
22275.0,0,0,0,2,62
22286.0,0,0,0,3,61
22290.0,0,0,0,4,60
22435.0,0,0,0,5,59
22492.0,0,0,0,7,57
22510.0,0,0,0,8,56
22510.0,0,0,0,0,64
22608.0,0,0,0,8,56
22608.0,0,0,0,0,64
22617.0,0,0,0,8,56
22617.0,0,0,0,0,64
22619.0,0,0,0,8,56
22619.0,0,0,0,0,64
22697.0,0,0,0,8,56
22697.0,0,0,0,0,64
22961.0,0,0,0,8,56
22961.0,0,0,0,0,64
22988.0,0,0,0,8,56
22988.0,0,0,0,0,64
23171.0,0,0,0,8,56
23171.0,0,0,0,0,64
23420.0,0,0,0,8,56
23420.0,0,0,0,0,64
23514.0,0,0,0,8,56
23514.0,0,0,0,0,64
23527.0,0,0,0,16,48
23527.0,0,0,0,0,64
23603.0,0,0,0,8,56
23603.0,0,0,0,0,64
23872.0,0,0,0,8,56
23872.0,0,0,0,0,64
23897.0,0,0,0,8,56
23897.0,0,0,0,0,64
24080.0,0,0,0,8,56
24080.0,0,0,0,0,64
24140.0,0,0,0,0,64
24142.0,0,0,0,0,64
24144.0,0,0,0,0,64
24146.0,0,0,0,0,64
24147.0,0,0,0,0,64
24149.0,0,0,0,0,64
24150.0,0,0,0,0,64
24152.0,0,0,0,0,64
24166.0,0,0,0,0,64
24168.0,0,0,0,0,64
24169.0,0,0,0,0,64
24171.0,0,0,0,0,64
24172.0,0,0,0,0,64
24174.0,0,0,0,0,64
24175.0,0,0,0,0,64
24177.0,0,0,0,0,64
24227.0,0,0,0,0,64
24230.0,0,0,0,0,64
24232.0,0,0,0,0,64
24315.0,0,0,0,0,64
24328.0,0,0,0,8,56
24328.0,0,0,0,0,64
24344.0,0,0,0,0,64
24370.0,0,0,0,0,64
24427.0,0,0,0,8,56
24427.0,0,0,0,0,64
24441.0,0,0,0,8,56
24441.0,0,0,0,0,64
24442.0,0,0,0,8,56
24442.0,0,0,0,0,64
24517.0,0,0,0,8,56
24517.0,0,0,0,0,64
24783.0,0,0,0,8,56
24783.0,0,0,0,0,64
24795.0,0,0,0,0,64
24800.0,0,0,0,0,64
24801.0,0,0,0,0,64
24812.0,0,0,0,8,56
24812.0,0,0,0,0,64
24902.0,0,0,0,0,64
24905.0,0,0,0,0,64
24908.0,0,0,0,0,64
24990.0,0,0,0,8,56
24990.0,0,0,0,0,64
24998.0,0,0,0,0,64
25025.0,0,0,0,0,64
25050.0,0,0,0,0,64
25242.0,0,0,0,8,56
25242.0,0,0,0,0,64
25341.0,0,0,0,8,56
25341.0,0,0,0,0,64
25354.0,0,0,0,8,56
25354.0,0,0,0,0,64
25356.0,0,0,0,8,56
25356.0,0,0,0,0,64
25364.0,0,0,0,8,56
25364.0,0,0,0,0,64
25366.0,0,0,0,8,56
25366.0,0,0,0,0,64
25429.0,0,0,0,8,56
25429.0,0,0,0,0,64
25470.0,0,0,0,0,64
25471.0,0,0,0,0,64
25473.0,0,0,0,0,64
25474.0,0,0,0,0,64
25476.0,0,0,0,0,64
25477.0,0,0,0,0,64
25479.0,0,0,0,0,64
25480.0,0,0,0,0,64
25482.0,0,0,0,0,64
25698.0,0,0,0,8,56
25698.0,0,0,0,0,64
25725.0,0,0,0,8,56
25725.0,0,0,0,0,64
25868.0,0,0,0,0,64
25901.0,0,0,0,8,56
25901.0,0,0,0,0,64
26155.0,0,0,0,8,56
26155.0,0,0,0,0,64
26251.0,0,0,0,8,56
26251.0,0,0,0,0,64
26278.0,0,0,0,8,56
26278.0,0,0,0,0,64
26279.0,0,0,0,8,56
26279.0,0,0,0,0,64
26337.0,0,0,0,8,56
26337.0,0,0,0,0,64
26610.0,0,0,0,8,56
26610.0,0,0,0,0,64
26640.0,0,0,0,8,56
26640.0,0,0,0,0,64
26811.0,0,0,0,8,56
26811.0,0,0,0,0,64
27070.0,0,0,0,8,56
27070.0,0,0,0,0,64
27165.0,0,0,0,8,56
27165.0,0,0,0,0,64
27187.0,0,0,0,8,56
27187.0,0,0,0,0,64
27194.0,0,0,0,8,56
27194.0,0,0,0,0,64
27250.0,0,0,0,8,56
27250.0,0,0,0,0,64
27334.0,0,0,0,0,64
27336.0,0,0,0,0,64
27337.0,0,0,0,0,64
27339.0,0,0,0,0,64
27340.0,0,0,0,0,64
27341.0,0,0,0,0,64
27343.0,0,0,0,0,64
27344.0,0,0,0,0,64
27409.0,0,0,0,0,64
27412.0,0,0,0,0,64
27414.0,0,0,0,0,64
27508.0,0,0,0,0,64
27523.0,0,0,0,8,56
27523.0,0,0,0,0,64
27534.0,0,0,0,0,64
27553.0,0,0,0,8,56
27553.0,0,0,0,0,64
27557.0,0,0,0,0,64
27697.0,0,0,0,8,56
27697.0,0,0,0,0,64
27948.0,0,0,0,0,64
27950.0,0,0,0,0,64
27951.0,0,0,0,0,64
27953.0,0,0,0,0,64
27955.0,0,0,0,0,64
27956.0,0,0,0,8,56
27956.0,0,0,0,0,64
27958.0,0,0,0,0,64
27960.0,0,0,0,0,64
27974.0,0,0,0,0,64
27976.0,0,0,0,0,64
27977.0,0,0,0,0,64
27979.0,0,0,0,0,64
27980.0,0,0,0,0,64
27982.0,0,0,0,0,64
27983.0,0,0,0,0,64
27985.0,0,0,0,0,64
28078.0,0,0,0,8,56
28078.0,0,0,0,0,64
28100.0,0,0,0,8,56
28100.0,0,0,0,0,64
28105.0,0,0,0,8,56
28105.0,0,0,0,0,64
28163.0,0,0,0,8,56
28163.0,0,0,0,0,64
28435.0,0,0,0,8,56
28435.0,0,0,0,0,64
28464.0,0,0,0,8,56
28464.0,0,0,0,0,64
28606.0,0,0,0,8,56
28606.0,0,0,0,0,64
28868.0,0,0,0,8,56
28868.0,0,0,0,0,64
28990.0,0,0,0,8,56
28990.0,0,0,0,0,64
29013.0,0,0,0,8,56
29013.0,0,0,0,0,64
29016.0,0,0,0,8,56
29016.0,0,0,0,0,64
29070.0,0,0,0,8,56
29070.0,0,0,0,0,64
29347.0,0,0,0,8,56
29347.0,0,0,0,0,64
29373.0,0,0,0,8,56
29373.0,0,0,0,0,64
29515.0,0,0,0,8,56
29515.0,0,0,0,0,64
29776.0,0,0,0,8,56
29776.0,0,0,0,0,64
29990.0,0,0,0,8,56
29990.0,0,0,0,0,64
30012.0,0,0,0,8,56
30012.0,0,0,0,0,64
30015.0,0,0,0,8,56
30015.0,0,0,0,0,64
30048.0,0,0,0,0,64
30050.0,0,0,0,0,64
30051.0,0,0,0,0,64
30053.0,0,0,0,0,64
30054.0,0,0,0,0,64
30056.0,0,0,0,0,64
30058.0,0,0,0,0,64
30059.0,0,0,0,0,64
30070.0,0,0,0,8,56
30070.0,0,0,0,0,64
30073.0,0,0,0,0,64
30075.0,0,0,0,0,64
30077.0,0,0,0,0,64
30078.0,0,0,0,0,64
30080.0,0,0,0,0,64
30081.0,0,0,0,0,64
30083.0,0,0,0,0,64
30084.0,0,0,0,0,64
30146.0,0,0,0,0,64
30148.0,0,0,0,0,64
30151.0,0,0,0,0,64
30234.0,0,0,0,0,64
30259.0,0,0,0,0,64
30282.0,0,0,0,0,64
30346.0,0,0,0,8,56
30346.0,0,0,0,0,64
30369.0,0,0,0,8,56
30369.0,0,0,0,0,64
30513.0,0,0,0,8,56
30513.0,0,0,0,0,64
30673.0,0,0,0,0,64
30702.0,0,0,0,0,64
30728.0,0,0,0,0,64
30730.0,0,0,0,0,64
30737.0,0,0,0,0,64
30748.0,0,0,0,0,64
30749.0,0,0,0,0,64
30751.0,0,0,0,0,64
30764.0,0,0,0,0,64
30766.0,0,0,0,0,64
30767.0,0,0,0,0,64
30768.0,0,0,0,0,64
30770.0,0,0,0,0,64
30772.0,0,0,0,0,64
30773.0,0,0,0,0,64
30775.0,0,0,0,8,56
30775.0,0,0,0,0,64
30777.0,0,0,0,0,64
30988.0,0,0,0,8,56
30988.0,0,0,0,0,64
31009.0,0,0,0,8,56
31009.0,0,0,0,0,64
31011.0,0,0,0,8,56
31011.0,0,0,0,0,64
31065.0,0,0,0,8,56
31065.0,0,0,0,0,64
31345.0,0,0,0,8,56
31345.0,0,0,0,0,64
31367.0,0,0,0,8,56
31367.0,0,0,0,0,64
31512.0,0,0,0,8,56
31512.0,0,0,0,0,64
31770.0,0,0,0,8,56
31770.0,0,0,0,0,64
31899.0,0,0,0,8,56
31899.0,0,0,0,0,64
31921.0,0,0,0,8,56
31921.0,0,0,0,0,64
31923.0,0,0,0,8,56
31923.0,0,0,0,0,64
31977.0,0,0,0,8,56
31977.0,0,0,0,0,64
32256.0,0,0,0,8,56
32256.0,0,0,0,0,64
32277.0,0,0,0,8,56
32277.0,0,0,0,0,64
32420.0,0,0,0,8,56
32420.0,0,0,0,0,64
32643.0,0,0,0,0,64
32644.0,0,0,0,0,64
32646.0,0,0,0,0,64
32648.0,0,0,0,0,64
32649.0,0,0,0,0,64
32651.0,0,0,0,0,64
32652.0,0,0,0,0,64
32654.0,0,0,0,0,64
32668.0,0,0,0,0,64
32671.0,0,0,0,0,64
32672.0,0,0,0,0,64
32674.0,0,0,0,0,64
32675.0,0,0,0,0,64
32677.0,0,0,0,0,64
32678.0,0,0,0,0,64
32680.0,0,0,0,0,64
32681.0,0,0,0,8,56
32681.0,0,0,0,0,64
32758.0,0,0,0,0,64
32760.0,0,0,0,0,64
32763.0,0,0,0,0,64
32807.0,0,0,0,8,56
32807.0,0,0,0,0,64
32831.0,0,0,0,8,56
32831.0,0,0,0,0,64
32833.0,0,0,0,8,56
32833.0,0,0,0,0,64
32836.0,0,0,0,0,64
32862.0,0,0,0,0,64
32884.0,0,0,0,8,56
32884.0,0,0,0,0,64
32886.0,0,0,0,0,64
33168.0,0,0,0,8,56
33168.0,0,0,0,0,64
33188.0,0,0,0,8,56
33188.0,0,0,0,0,64
33264.0,0,0,0,0,64
33266.0,0,0,0,0,64
33267.0,0,0,0,0,64
33269.0,0,0,0,0,64
33271.0,0,0,0,0,64
33272.0,0,0,0,0,64
33274.0,0,0,0,0,64
33276.0,0,0,0,0,64
33290.0,0,0,0,0,64
33291.0,0,0,0,0,64
33293.0,0,0,0,0,64
33295.0,0,0,0,0,64
33296.0,0,0,0,0,64
33298.0,0,0,0,0,64
33299.0,0,0,0,0,64
33301.0,0,0,0,0,64
33331.0,0,0,0,8,56
33331.0,0,0,0,0,64
33590.0,0,0,0,8,56
33590.0,0,0,0,0,64
33727.0,0,0,0,8,56
33727.0,0,0,0,0,64
33751.0,0,0,0,8,56
33751.0,0,0,0,0,64
33753.0,0,0,0,8,56
33753.0,0,0,0,0,64
33804.0,0,0,0,8,56
33804.0,0,0,0,0,64
34085.0,0,0,0,8,56
34085.0,0,0,0,0,64
34104.0,0,0,0,8,56
34104.0,0,0,0,0,64
34250.0,0,0,0,8,56
34250.0,0,0,0,0,64
34509.0,0,0,0,8,56
34509.0,0,0,0,0,64
34645.0,0,0,0,8,56
34645.0,0,0,0,0,64
34670.0,0,0,0,8,56
34670.0,0,0,0,0,64
34671.0,0,0,0,8,56
34671.0,0,0,0,0,64
34720.0,0,0,0,8,56
34720.0,0,0,0,0,64
35004.0,0,0,0,8,56
35004.0,0,0,0,0,64
35019.0,0,0,0,8,56
35019.0,0,0,0,0,64
35021.0,0,0,0,1,63
35025.0,0,0,0,2,62
35028.0,0,0,0,3,61
35030.0,0,0,0,4,60
35032.0,0,0,0,5,59
35034.0,0,0,0,6,58
35038.0,0,0,0,7,57
35045.0,0,0,0,8,56
35045.0,0,0,0,0,64
35167.0,0,0,0,8,56
35167.0,0,0,0,0,64
35216.0,0,0,0,0,64
35218.0,0,0,0,0,64
35220.0,0,0,0,0,64
35221.0,0,0,0,0,64
35223.0,0,0,0,0,64
35225.0,0,0,0,0,64
35227.0,0,0,0,0,64
35228.0,0,0,0,0,64
35242.0,0,0,0,0,64
35244.0,0,0,0,0,64
35245.0,0,0,0,0,64
35246.0,0,0,0,0,64
35248.0,0,0,0,0,64
35249.0,0,0,0,0,64
35251.0,0,0,0,0,64
35253.0,0,0,0,0,64
35425.0,0,0,0,8,56
35425.0,0,0,0,0,64
35953.0,0,0,0,1,63
36052.0,0,0,0,2,62
36062.0,0,0,0,3,61
36067.0,0,0,0,4,60
36086.0,0,0,0,5,59
36145.0,0,0,0,6,58
36150.0,0,0,0,7,57
36151.0,0,0,0,8,56
36151.0,0,0,0,0,64
36180.0,0,0,0,1,63
36180.0,0,0,0,0,64
36198.0,0,0,0,1,63
36198.0,0,0,0,0,64
36222.0,0,0,0,1,63
36222.0,0,0,0,0,64
36230.0,0,0,0,1,63
36230.0,0,0,0,0,64
36255.0,0,0,0,1,63
36255.0,0,0,0,0,64
36270.0,0,0,0,1,63
36270.0,0,0,0,0,64
36294.0,0,0,0,1,63
36294.0,0,0,0,0,64
36312.0,0,0,0,1,63
36312.0,0,0,0,0,64
36322.0,0,0,0,1,63
36322.0,0,0,0,0,64
36324.0,0,0,0,1,63
36324.0,0,0,0,0,64
36338.0,0,0,0,1,63
36338.0,0,0,0,0,64
36339.0,0,0,0,1,63
36339.0,0,0,0,0,64
36354.0,0,0,0,8,56
36354.0,0,0,0,0,64
36365.0,0,0,0,1,63
36365.0,0,0,0,0,64
36372.0,0,0,0,8,56
36372.0,0,0,0,0,64
36380.0,0,0,0,1,63
36381.0,0,0,0,2,62
36384.0,0,0,0,3,61
36528.0,0,0,0,4,60
36647.0,0,0,0,5,59
36671.0,0,0,0,7,57
36715.0,0,0,0,8,56
36715.0,0,0,0,0,64
36732.0,0,0,0,8,56
36732.0,0,0,0,0,64
36793.0,0,0,0,8,56
36793.0,0,0,0,0,64
36981.0,0,0,0,8,56
36981.0,0,0,0,0,64
37233.0,0,0,0,8,56
37233.0,0,0,0,0,64
37960.0,0,0,0,8,56
37960.0,0,0,0,0,64
38160.0,0,0,0,16,48
38160.0,0,0,0,0,64
38488.0,0,0,0,8,56
38488.0,0,0,0,0,64
38525.0,0,0,0,8,56
38525.0,0,0,0,0,64
38593.0,0,0,0,8,56
38593.0,0,0,0,0,64
38621.0,0,0,0,0,64
38778.0,0,0,0,8,56
38778.0,0,0,0,0,64
39032.0,0,0,0,8,56
39032.0,0,0,0,0,64
39553.0,0,0,0,0,64
39753.0,0,0,0,8,56
39753.0,0,0,0,0,64
39971.0,0,0,0,8,56
39971.0,0,0,0,0,64
39980.0,0,0,0,0,64
40061.0,0,0,0,8,56
40061.0,0,0,0,0,64
40384.0,0,0,0,8,56
40384.0,0,0,0,0,64
40421.0,0,0,0,8,56
40421.0,0,0,0,0,64
40494.0,0,0,0,8,56
40494.0,0,0,0,0,64
40677.0,0,0,0,8,56
40677.0,0,0,0,0,64
40933.0,0,0,0,8,56
40933.0,0,0,0,0,64
41649.0,0,0,0,8,56
41649.0,0,0,0,0,64
41869.0,0,0,0,8,56
41869.0,0,0,0,0,64
41957.0,0,0,0,8,56
41957.0,0,0,0,0,64
42281.0,0,0,0,8,56
42281.0,0,0,0,0,64
42300.0,0,0,0,8,56
42300.0,0,0,0,0,64
42374.0,0,0,0,8,56
42374.0,0,0,0,0,64
42551.0,0,0,0,8,56
42551.0,0,0,0,0,64
42814.0,0,0,0,8,56
42814.0,0,0,0,0,64
43526.0,0,0,0,8,56
43526.0,0,0,0,0,64
43747.0,0,0,0,8,56
43747.0,0,0,0,0,64
43837.0,0,0,0,8,56
43837.0,0,0,0,0,64
43921.0,0,0,0,8,56
43921.0,0,0,0,0,64
43922.0,0,0,0,3,61
43922.0,0,0,0,0,64
43962.0,0,0,0,1,63
43962.0,0,0,0,0,64
43963.0,0,0,0,2,62
43963.0,0,0,0,0,64
43964.0,0,0,0,2,62
43964.0,0,0,0,0,64
44161.0,0,0,0,8,56
44161.0,0,0,0,0,64
44162.0,0,0,0,3,61
44162.0,0,0,0,0,64
44163.0,0,0,0,1,63
44163.0,0,0,0,0,64
44178.0,0,0,0,8,56
44178.0,0,0,0,0,64
44181.0,0,0,0,1,63
44181.0,0,0,0,0,64
44182.0,0,0,0,8,56
44182.0,0,0,0,0,64
44193.0,0,0,0,1,63
44193.0,0,0,0,0,64
44195.0,0,0,0,1,63
44195.0,0,0,0,0,64
44211.0,0,0,0,1,63
44211.0,0,0,0,0,64
44213.0,0,0,0,1,63
44213.0,0,0,0,0,64
44222.0,0,0,0,1,63
44222.0,0,0,0,0,64
44237.0,0,0,0,1,63
44237.0,0,0,0,0,64
44243.0,0,0,0,1,63
44243.0,0,0,0,0,64
44254.0,0,0,0,8,56
44254.0,0,0,0,0,64
44265.0,0,0,0,1,63
44271.0,0,0,0,3,61
44272.0,0,0,0,6,58
44279.0,0,0,0,7,57
44284.0,0,0,0,8,56
44284.0,0,0,0,0,64
44775.0,0,0,0,8,56
44775.0,0,0,0,0,64
44776.0,0,0,0,1,63
44776.0,0,0,0,0,64
44834.0,0,0,0,8,56
44834.0,0,0,0,0,64
44853.0,0,0,0,1,63
44853.0,0,0,0,0,64
44854.0,0,0,0,1,63
44854.0,0,0,0,0,64
44858.0,0,0,0,1,63
44858.0,0,0,0,0,64
44861.0,0,0,0,2,62
44861.0,0,0,0,0,64
44862.0,0,0,0,8,56
44862.0,0,0,0,0,64
44863.0,0,0,0,4,60
44863.0,0,0,0,0,64
44872.0,0,0,0,1,63
44872.0,0,0,0,0,64
44883.0,0,0,0,1,63
44883.0,0,0,0,0,64
44891.0,0,0,0,1,63
44891.0,0,0,0,0,64
44898.0,0,0,0,8,56
44898.0,0,0,0,0,64
44899.0,0,0,0,1,63
44899.0,0,0,0,0,64
44900.0,0,0,0,1,63
44900.0,0,0,0,0,64
44901.0,0,0,0,1,63
44901.0,0,0,0,0,64
44902.0,0,0,0,1,63
44902.0,0,0,0,0,64
44903.0,0,0,0,2,62
44903.0,0,0,0,0,64
44904.0,0,0,0,2,62
44904.0,0,0,0,0,64
44905.0,0,0,0,1,63
44905.0,0,0,0,0,64
44906.0,0,0,0,1,63
44906.0,0,0,0,0,64
45113.0,0,0,0,8,56
45113.0,0,0,0,0,64
45125.0,0,0,0,3,61
45125.0,0,0,0,0,64
45129.0,0,0,0,1,63
45129.0,0,0,0,0,64
45130.0,0,0,0,1,63
45130.0,0,0,0,0,64
45137.0,0,0,0,1,63
45137.0,0,0,0,0,64
45138.0,0,0,0,1,63
45138.0,0,0,0,0,64
45140.0,0,0,0,2,62
45140.0,0,0,0,0,64
45141.0,0,0,0,1,63
45141.0,0,0,0,0,64
45143.0,0,0,0,1,63
45143.0,0,0,0,0,64
45145.0,0,0,0,1,63
45145.0,0,0,0,0,64
45146.0,0,0,0,1,63
45146.0,0,0,0,0,64
45157.0,0,0,0,8,56
45157.0,0,0,0,0,64
45158.0,0,0,0,5,59
45158.0,0,0,0,0,64
45159.0,0,0,0,2,62
45159.0,0,0,0,0,64
45162.0,0,0,0,1,63
45162.0,0,0,0,0,64
45166.0,0,0,0,1,63
45166.0,0,0,0,0,64
45177.0,0,0,0,1,63
45177.0,0,0,0,0,64
45181.0,0,0,0,1,63
45181.0,0,0,0,0,64
45183.0,0,0,0,1,63
45183.0,0,0,0,0,64
45186.0,0,0,0,1,63
45186.0,0,0,0,0,64
45198.0,0,0,0,1,63
45198.0,0,0,0,0,64
45199.0,0,0,0,1,63
45199.0,0,0,0,0,64
45203.0,0,0,0,1,63
45203.0,0,0,0,0,64
45212.0,0,0,0,3,61
45212.0,0,0,0,0,64
45213.0,0,0,0,1,63
45213.0,0,0,0,0,64
45214.0,0,0,0,8,56
45214.0,0,0,0,0,64
45216.0,0,0,0,1,63
45216.0,0,0,0,0,64
45217.0,0,0,0,1,63
45217.0,0,0,0,0,64
45222.0,0,0,0,2,62
45222.0,0,0,0,0,64
45225.0,0,0,0,1,63
45225.0,0,0,0,0,64
45230.0,0,0,0,1,63
45230.0,0,0,0,0,64
45233.0,0,0,0,1,63
45233.0,0,0,0,0,64
45235.0,0,0,0,1,63
45235.0,0,0,0,0,64
45238.0,0,0,0,1,63
45238.0,0,0,0,0,64
45240.0,0,0,0,1,63
45240.0,0,0,0,0,64
45255.0,0,0,0,1,63
45255.0,0,0,0,0,64
45256.0,0,0,0,1,63
45256.0,0,0,0,0,64
45261.0,0,0,0,1,63
45261.0,0,0,0,0,64
45342.0,0,0,0,1,63
45342.0,0,0,0,0,64
45382.0,0,0,0,1,63
45382.0,0,0,0,0,64
45409.0,0,0,0,1,63
45409.0,0,0,0,0,64
45430.0,0,0,0,1,63
45430.0,0,0,0,0,64
45456.0,0,0,0,1,63
45456.0,0,0,0,0,64
45479.0,0,0,0,1,63
45479.0,0,0,0,0,64
45496.0,0,0,0,1,63
45496.0,0,0,0,0,64
45506.0,0,0,0,1,63
45506.0,0,0,0,0,64
45507.0,0,0,0,2,62
45507.0,0,0,0,0,64
45508.0,0,0,0,3,61
45508.0,0,0,0,0,64
45517.0,0,0,0,1,63
45517.0,0,0,0,0,64
45522.0,0,0,0,2,62
45522.0,0,0,0,0,64
45525.0,0,0,0,1,63
45525.0,0,0,0,0,64
45529.0,0,0,0,1,63
45529.0,0,0,0,0,64
45540.0,0,0,0,1,63
45540.0,0,0,0,0,64
45541.0,0,0,0,1,63
45541.0,0,0,0,0,64
45543.0,0,0,0,1,63
45543.0,0,0,0,0,64
45546.0,0,0,0,1,63
45546.0,0,0,0,0,64
45555.0,0,0,0,1,63
45555.0,0,0,0,0,64
45557.0,0,0,0,1,63
45557.0,0,0,0,0,64
45564.0,0,0,0,3,61
45564.0,0,0,0,0,64
45571.0,0,0,0,1,63
45571.0,0,0,0,0,64
45581.0,0,0,0,1,63
45581.0,0,0,0,0,64
45582.0,0,0,0,2,62
45582.0,0,0,0,0,64
45706.0,0,0,0,1,63
45706.0,0,0,0,0,64
45707.0,0,0,0,1,63
45707.0,0,0,0,0,64
45804.0,0,0,0,1,63
45804.0,0,0,0,0,64
45861.0,0,0,0,1,63
45861.0,0,0,0,0,64
45893.0,0,0,0,1,63
45893.0,0,0,0,0,64
45896.0,0,0,0,1,63
45896.0,0,0,0,0,64
45905.0,0,0,0,1,63
45905.0,0,0,0,0,64
45914.0,0,0,0,1,63
45914.0,0,0,0,0,64
45916.0,0,0,0,1,63
45916.0,0,0,0,0,64
46141.0,0,0,0,1,63
46141.0,0,0,0,0,64
46162.0,0,0,0,1,63
46162.0,0,0,0,0,64
46178.0,0,0,0,1,63
46178.0,0,0,0,0,64
46188.0,0,0,0,1,63
46188.0,0,0,0,0,64
46196.0,0,0,0,1,63
46196.0,0,0,0,0,64
46199.0,0,0,0,1,63
46199.0,0,0,0,0,64
46204.0,0,0,0,1,63
46204.0,0,0,0,0,64
46205.0,0,0,0,1,63
46205.0,0,0,0,0,64
46217.0,0,0,0,1,63
46217.0,0,0,0,0,64
46220.0,0,0,0,2,62
46220.0,0,0,0,0,64
46223.0,0,0,0,1,63
46223.0,0,0,0,0,64
46233.0,0,0,0,1,63
46233.0,0,0,0,0,64
46241.0,0,0,0,1,63
46241.0,0,0,0,0,64
46247.0,0,0,0,2,62
46247.0,0,0,0,0,64
46254.0,0,0,0,2,62
46254.0,0,0,0,0,64
46268.0,0,0,0,1,63
46268.0,0,0,0,0,64
46274.0,0,0,0,1,63
46274.0,0,0,0,0,64
46277.0,0,0,0,1,63
46277.0,0,0,0,0,64
46288.0,0,0,0,1,63
46288.0,0,0,0,0,64
46290.0,0,0,0,1,63
46290.0,0,0,0,0,64
46295.0,0,0,0,1,63
46295.0,0,0,0,0,64
46296.0,0,0,0,1,63
46296.0,0,0,0,0,64
46297.0,0,0,0,1,63
46297.0,0,0,0,0,64
46305.0,0,0,0,1,63
46305.0,0,0,0,0,64
46310.0,0,0,0,1,63
46310.0,0,0,0,0,64
46314.0,0,0,0,1,63
46314.0,0,0,0,0,64
46362.0,0,0,0,1,63
46362.0,0,0,0,0,64
46366.0,0,0,0,1,63
46366.0,0,0,0,0,64
46396.0,0,0,0,1,63
46396.0,0,0,0,0,64
46410.0,0,0,0,1,63
46410.0,0,0,0,0,64
46423.0,0,0,0,1,63
46423.0,0,0,0,0,64
46431.0,0,0,0,1,63
46431.0,0,0,0,0,64
46434.0,0,0,0,1,63
46434.0,0,0,0,0,64
46482.0,0,0,0,1,63
46482.0,0,0,0,0,64
46490.0,0,0,0,1,63
46490.0,0,0,0,0,64
46496.0,0,0,0,1,63
46496.0,0,0,0,0,64
46520.0,0,0,0,1,63
46520.0,0,0,0,0,64
46531.0,0,0,0,1,63
46531.0,0,0,0,0,64
46558.0,0,0,0,1,63
46558.0,0,0,0,0,64
46566.0,0,0,0,1,63
46566.0,0,0,0,0,64
46569.0,0,0,0,1,63
46569.0,0,0,0,0,64
46583.0,0,0,0,1,63
46583.0,0,0,0,0,64
46588.0,0,0,0,1,63
46588.0,0,0,0,0,64
46592.0,0,0,0,1,63
46592.0,0,0,0,0,64
46593.0,0,0,0,1,63
46593.0,0,0,0,0,64
46599.0,0,0,0,1,63
46599.0,0,0,0,0,64
46604.0,0,0,0,1,63
46604.0,0,0,0,0,64
46607.0,0,0,0,1,63
46607.0,0,0,0,0,64
46618.0,0,0,0,2,62
46618.0,0,0,0,0,64
46619.0,0,0,0,1,63
46619.0,0,0,0,0,64
46624.0,0,0,0,2,62
46626.0,0,0,0,3,61
46627.0,0,0,0,5,59
46628.0,0,0,0,6,58
46633.0,0,0,0,7,57
46635.0,0,0,0,8,56
46638.0,0,0,0,9,55
46642.0,0,0,0,10,54
46652.0,0,0,0,11,53
46653.0,0,0,0,12,52
46687.0,0,0,0,13,51
46688.0,0,0,0,14,50
46689.0,0,0,0,15,49
46692.0,0,0,0,16,48
46704.0,0,0,0,17,47
46763.0,0,0,0,18,46
46795.0,0,0,0,19,45
46814.0,0,0,0,20,44
46834.0,0,0,0,21,43
46835.0,0,0,0,22,42
46961.0,0,0,0,23,41
46967.0,0,0,0,24,40
46974.0,0,0,0,25,39
46996.0,0,0,0,26,38
47000.0,0,0,0,27,37
47046.0,0,0,0,28,36
47068.0,0,0,0,29,35
47083.0,0,0,0,30,34
47085.0,0,0,0,31,33
47092.0,0,0,0,33,31
47141.0,0,0,0,34,30
47148.0,0,0,0,35,29
47154.0,0,0,0,36,28
47166.0,0,0,0,37,27
47188.0,0,0,0,38,26
47191.0,0,0,0,39,25
47227.0,0,0,0,40,24
47257.0,0,0,0,41,23
47301.0,0,0,0,42,22
47307.0,0,0,0,43,21
47370.0,0,0,0,44,20
47395.0,0,0,0,45,19
47436.0,0,0,0,46,18
47477.0,0,0,0,47,17
47508.0,0,0,0,48,16
47521.0,0,0,0,49,15
47707.0,0,0,0,50,14
47711.0,0,0,0,51,13
47750.0,0,0,0,52,12
47786.0,0,0,0,53,11
47798.0,0,0,0,54,10
47865.0,0,0,0,54,10
47868.0,0,0,0,55,9
48020.0,0,0,0,56,8
48073.0,0,0,0,57,7
48160.0,0,0,0,58,6
48198.0,0,0,0,59,5
48208.0,0,0,0,60,4
48221.0,0,0,0,61,3
48247.0,0,0,0,62,2
48257.0,0,0,0,63,1
48295.0,0,0,0,64,0
49973.0,0,0,0,64,0
49973.0,0,0,0,0,64
49975.0,0,0,0,64,0
50059.0,0,0,0,64,0
50059.0,0,0,0,0,64
50224.0,0,0,0,0,64
50428.0,0,0,0,64,0
53575.0,0,0,0,64,0
54028.0,0,0,0,64,0
54028.0,0,0,64,0,0
56728.0,64,0,0,0,0
62278.0,64,0,0,0,0
62278.0,48,16,0,0,0
64078.0,48,0,0,16,0
64078.0,48,0,0,0,16
65386.0,48,0,0,0,16
65386.0,32,16,0,0,16
65620.0,32,16,0,0,16
65620.0,16,32,0,0,16
66091.0,16,32,0,0,16
66091.0,0,48,0,0,16
66650.0,0,48,0,16,0
67186.0,0,32,0,32,0
67186.0,0,32,0,16,16
67269.0,0,32,0,32,0
67420.0,0,16,0,48,0
67420.0,0,16,0,32,16
67875.0,0,16,0,48,0
67891.0,0,0,0,64,0
67891.0,0,0,0,48,16
70108.0,0,0,0,64,0
70250.0,0,0,0,64,0
70250.0,0,0,16,48,0
70869.0,0,0,16,48,0
70869.0,0,0,32,32,0
71475.0,0,0,32,32,0
71475.0,0,0,48,16,0
71693.0,0,0,48,16,0
71693.0,0,0,48,0,16
71694.0,0,0,48,0,16
71701.0,0,0,48,8,8
71701.0,0,0,48,0,16
71704.0,0,0,48,8,8
71704.0,0,0,48,0,16
71707.0,0,0,48,8,8
71707.0,0,0,48,0,16
71712.0,0,0,48,8,8
71712.0,0,0,48,0,16
71718.0,0,0,48,8,8
71718.0,0,0,48,0,16
71723.0,0,0,48,8,8
71723.0,0,0,48,0,16
71726.0,0,0,48,8,8
71726.0,0,0,48,0,16
71734.0,0,0,48,8,8
71734.0,0,0,48,0,16
71737.0,0,0,48,8,8
71737.0,0,0,48,0,16
71742.0,0,0,48,8,8
71742.0,0,0,48,0,16
71743.0,0,0,48,8,8
71743.0,0,0,48,0,16
71748.0,0,0,48,8,8
71748.0,0,0,48,0,16
71749.0,0,0,48,8,8
71749.0,0,0,48,0,16
71755.0,0,0,48,16,0
71755.0,0,0,48,0,16
71762.0,0,0,48,16,0
71762.0,0,0,48,0,16
71768.0,0,0,48,8,8
71768.0,0,0,48,0,16
71769.0,0,0,48,8,8
71769.0,0,0,48,0,16
71773.0,0,0,48,8,8
71773.0,0,0,48,0,16
71776.0,0,0,48,8,8
71776.0,0,0,48,0,16
71779.0,0,0,48,8,8
71779.0,0,0,48,0,16
71782.0,0,0,48,8,8
71782.0,0,0,48,0,16
71786.0,0,0,48,8,8
71786.0,0,0,48,0,16
71789.0,0,0,48,8,8
71789.0,0,0,48,0,16
71792.0,0,0,48,8,8
71792.0,0,0,48,0,16
71795.0,0,0,48,8,8
71795.0,0,0,48,0,16
71798.0,0,0,48,8,8
71798.0,0,0,48,0,16
71802.0,0,0,48,8,8
71802.0,0,0,48,0,16
71804.0,0,0,48,8,8
71804.0,0,0,48,0,16
71809.0,0,0,48,8,8
71809.0,0,0,48,0,16
71811.0,0,0,48,8,8
71811.0,0,0,48,0,16
71815.0,0,0,48,8,8
71815.0,0,0,48,0,16
71816.0,0,0,48,8,8
71816.0,0,0,48,0,16
71822.0,0,0,48,8,8
71822.0,0,0,48,0,16
71823.0,0,0,48,8,8
71823.0,0,0,48,0,16
71829.0,0,0,48,8,8
71829.0,0,0,48,0,16
71830.0,0,0,48,8,8
71830.0,0,0,48,0,16
71836.0,0,0,48,8,8
71836.0,0,0,48,0,16
71837.0,0,0,48,8,8
71837.0,0,0,48,0,16
71843.0,0,0,48,16,0
71843.0,0,0,48,0,16
71849.0,0,0,48,16,0
71849.0,0,0,48,0,16
71855.0,0,0,48,16,0
71855.0,0,0,48,0,16
71861.0,0,0,48,16,0
71861.0,0,0,48,0,16
71867.0,0,0,48,16,0
71867.0,0,0,48,0,16
71873.0,0,0,48,16,0
71873.0,0,0,48,0,16
71879.0,0,0,48,16,0
71879.0,0,0,48,0,16
71885.0,0,0,48,16,0
71885.0,0,0,48,8,8
71888.0,0,0,48,16,0
72228.0,0,0,48,16,0
72228.0,0,0,48,0,16
72622.0,0,0,48,16,0
72622.0,0,0,48,0,16
72817.0,0,0,48,0,16
72950.0,16,0,32,0,16
72950.0,0,16,32,0,16
72973.0,0,16,32,0,16
72974.0,0,16,32,0,16
73016.0,0,16,32,16,0
73016.0,0,16,32,0,16
73410.0,0,16,32,16,0
73410.0,0,16,32,0,16
73569.0,16,16,16,0,16
73569.0,0,32,16,0,16
73708.0,0,32,16,0,16
73804.0,0,32,16,16,0
73804.0,0,32,16,0,16
74175.0,16,32,0,0,16
74175.0,0,48,0,0,16
74198.0,0,48,0,16,0
74198.0,0,48,0,0,16
74592.0,0,48,0,16,0
74592.0,0,48,0,0,16
74750.0,0,32,0,16,16
74750.0,0,32,0,0,32
74761.0,0,32,0,16,16
74761.0,0,32,0,0,32
74930.0,0,32,0,0,32
74986.0,0,32,0,16,16
74986.0,0,32,0,0,32
75126.0,0,32,0,16,16
75126.0,0,32,0,0,32
75155.0,0,32,0,16,16
75155.0,0,32,0,0,32
75266.0,0,32,0,16,16
75266.0,0,32,0,0,32
75295.0,0,32,0,16,16
75295.0,0,32,0,0,32
75369.0,0,16,0,16,32
75369.0,0,16,0,0,48
75377.0,0,16,0,16,32
75377.0,0,16,0,0,48
75406.0,0,16,0,16,32
75406.0,0,16,0,0,48
75435.0,0,16,0,16,32
75435.0,0,16,0,0,48
75485.0,0,16,0,0,48
75517.0,0,16,0,16,32
75517.0,0,16,0,0,48
75546.0,0,16,0,16,32
75546.0,0,16,0,0,48
75575.0,0,16,0,16,32
75575.0,0,16,0,0,48
75869.0,0,16,0,0,48
75975.0,0,0,0,16,48
75975.0,0,0,0,0,64
75983.0,0,0,0,8,56
75983.0,0,0,0,0,64
75986.0,0,0,0,8,56
75986.0,0,0,0,0,64
75999.0,0,0,0,8,56
75999.0,0,0,0,0,64
78226.0,0,0,0,0,64
78228.0,0,0,0,0,64
78229.0,0,0,0,0,64
78231.0,0,0,0,0,64
78232.0,0,0,0,0,64
78233.0,0,0,0,0,64
78235.0,0,0,0,0,64
79702.0,0,0,0,8,56
79702.0,0,0,0,0,64
79712.0,0,0,0,8,56
79712.0,0,0,0,0,64
79729.0,0,0,0,8,56
79729.0,0,0,0,0,64
79786.0,0,0,0,8,56
79786.0,0,0,0,0,64
79810.0,0,0,0,8,56
79810.0,0,0,0,0,64
80209.0,0,0,0,8,56
80209.0,0,0,0,0,64
80214.0,0,0,0,8,56
80214.0,0,0,0,0,64
81120.0,0,0,0,0,64
81121.0,0,0,0,0,64
81122.0,0,0,0,0,64
82707.0,0,0,0,0,64
83394.0,0,0,0,0,64
83647.0,0,0,0,8,56
83647.0,0,0,0,0,64
83932.0,0,0,0,8,56
83932.0,0,0,0,0,64
83938.0,0,0,0,8,56
83938.0,0,0,0,0,64
83951.0,0,0,0,8,56
83951.0,0,0,0,0,64
83972.0,0,0,0,8,56
83972.0,0,0,0,0,64
84004.0,0,0,0,8,56
84004.0,0,0,0,0,64
84411.0,0,0,0,8,56
84411.0,0,0,0,0,64
84414.0,0,0,0,8,56
84414.0,0,0,0,0,64
87794.0,0,0,0,8,56
87794.0,0,0,0,0,64
87807.0,0,0,0,8,56
87807.0,0,0,0,0,64
87819.0,0,0,0,8,56
87819.0,0,0,0,0,64
87828.0,0,0,0,8,56
87828.0,0,0,0,0,64
87860.0,0,0,0,8,56
87860.0,0,0,0,0,64
87883.0,0,0,0,8,56
87883.0,0,0,0,0,64
88267.0,0,0,0,8,56
88267.0,0,0,0,0,64
88270.0,0,0,0,8,56
88270.0,0,0,0,0,64
91632.0,0,0,0,8,56
91644.0,0,0,0,16,48
91644.0,0,0,0,0,64
91650.0,0,0,0,8,56
91653.0,0,0,0,16,48
91653.0,0,0,0,0,64
91685.0,0,0,0,24,40
91685.0,0,0,0,0,64
91708.0,0,0,0,8,56
91708.0,0,0,0,0,64
92064.0,0,0,0,8,56
92064.0,0,0,0,0,64
92092.0,0,0,0,8,56
92092.0,0,0,0,0,64
94628.0,0,0,0,16,48
94628.0,0,0,0,0,64
95232.0,0,0,0,0,64
95250.0,0,0,0,0,64
97035.0,0,0,0,8,56
97035.0,0,0,0,0,64
99451.0,0,0,0,8,56
99451.0,0,0,0,0,64
100130.0,0,0,0,8,56
100130.0,0,0,0,0,64
101874.0,0,0,0,8,56
101874.0,0,0,0,0,64
102461.0,0,0,0,8,56
102461.0,0,0,0,0,64
102462.0,0,0,0,16,48
102462.0,0,0,0,0,64
102487.0,0,0,0,8,56
102487.0,0,0,0,0,64
102562.0,0,0,0,8,56
102562.0,0,0,0,0,64
102841.0,0,0,0,8,56
102841.0,0,0,0,0,64
102870.0,0,0,0,8,56
102870.0,0,0,0,0,64
104292.0,0,0,0,8,56
104292.0,0,0,0,0,64
104871.0,0,0,0,8,56
104871.0,0,0,0,0,64
104899.0,0,0,0,8,56
104899.0,0,0,0,0,64
104900.0,0,0,0,8,56
104900.0,0,0,0,0,64
104935.0,0,0,0,8,56
104935.0,0,0,0,0,64
104990.0,0,0,0,8,56
104990.0,0,0,0,0,64
105314.0,0,0,0,8,56
105314.0,0,0,0,0,64
105333.0,0,0,0,8,56
105333.0,0,0,0,0,64
106723.0,0,0,0,8,56
106723.0,0,0,0,0,64
107315.0,0,0,0,8,56
107315.0,0,0,0,0,64
107340.0,0,0,0,8,56
107340.0,0,0,0,0,64
107349.0,0,0,0,8,56
107349.0,0,0,0,0,64
107361.0,0,0,0,8,56
107361.0,0,0,0,0,64
107386.0,0,0,0,8,56
107386.0,0,0,0,0,64
107727.0,0,0,0,8,56
107727.0,0,0,0,0,64
107734.0,0,0,0,8,56
107734.0,0,0,0,0,64
109132.0,0,0,0,8,56
109132.0,0,0,0,0,64
109722.0,0,0,0,8,56
109722.0,0,0,0,0,64
109746.0,0,0,0,8,56
109746.0,0,0,0,0,64
109777.0,0,0,0,8,56
109777.0,0,0,0,0,64
109786.0,0,0,0,8,56
109786.0,0,0,0,0,64
109807.0,0,0,0,8,56
109807.0,0,0,0,0,64
110125.0,0,0,0,8,56
110125.0,0,0,0,0,64
110142.0,0,0,0,8,56
110142.0,0,0,0,0,64
110160.0,0,0,0,8,56
110160.0,0,0,0,0,64
111546.0,0,0,0,8,56
111546.0,0,0,0,0,64
112141.0,0,0,0,8,56
112141.0,0,0,0,0,64
112160.0,0,0,0,8,56
112160.0,0,0,0,0,64
112181.0,0,0,0,8,56
112181.0,0,0,0,0,64
112187.0,0,0,0,8,56
112187.0,0,0,0,0,64
112194.0,0,0,0,8,56
112194.0,0,0,0,0,64
112559.0,0,0,0,8,56
112559.0,0,0,0,0,64
112582.0,0,0,0,8,56
112582.0,0,0,0,0,64
113983.0,0,0,0,8,56
113983.0,0,0,0,0,64
114572.0,0,0,0,16,48
114572.0,0,0,0,0,64
114599.0,0,0,0,8,56
114599.0,0,0,0,0,64
114605.0,0,0,0,8,56
114605.0,0,0,0,0,64
114606.0,0,0,0,8,56
114606.0,0,0,0,0,64
114995.0,0,0,0,8,56
114995.0,0,0,0,0,64
115002.0,0,0,0,8,56
115002.0,0,0,0,0,64
116406.0,0,0,0,8,56
116406.0,0,0,0,0,64
116988.0,0,0,0,8,56
116988.0,0,0,0,0,64
116995.0,0,0,0,8,56
116995.0,0,0,0,0,64
117010.0,0,0,0,8,56
117010.0,0,0,0,0,64
117019.0,0,0,0,8,56
117019.0,0,0,0,0,64
117035.0,0,0,0,8,56
117035.0,0,0,0,0,64
117392.0,0,0,0,8,56
117392.0,0,0,0,0,64
117404.0,0,0,0,8,56
117404.0,0,0,0,0,64
118806.0,0,0,0,8,56
118806.0,0,0,0,0,64
119400.0,0,0,0,8,56
119400.0,0,0,0,0,64
119405.0,0,0,0,8,56
119405.0,0,0,0,0,64
119424.0,0,0,0,8,56
119424.0,0,0,0,0,64
119426.0,0,0,0,8,56
119426.0,0,0,0,0,64
119440.0,0,0,0,8,56
119440.0,0,0,0,0,64
119801.0,0,0,0,8,56
119801.0,0,0,0,0,64
119825.0,0,0,0,8,56
119825.0,0,0,0,0,64
121235.0,0,0,0,8,56
121235.0,0,0,0,0,64
121532.0,0,0,0,8,56
121532.0,0,0,0,0,64
121542.0,0,0,0,8,56
121542.0,0,0,0,0,64
121547.0,0,0,0,8,56
121547.0,0,0,0,0,64
121553.0,0,0,0,8,56
121553.0,0,0,0,0,64
121806.0,0,0,0,8,56
121806.0,0,0,0,0,64
121911.0,0,0,0,8,56
121911.0,0,0,0,0,64
121944.0,0,0,0,8,56
121944.0,0,0,0,0,64
123349.0,0,0,0,8,56
123349.0,0,0,0,0,64
123618.0,0,0,0,8,56
123618.0,0,0,0,0,64
123641.0,0,0,0,8,56
123641.0,0,0,0,0,64
123651.0,0,0,0,8,56
123651.0,0,0,0,0,64
123660.0,0,0,0,8,56
123660.0,0,0,0,0,64
123924.0,0,0,0,8,56
123924.0,0,0,0,0,64
124020.0,0,0,0,8,56
124020.0,0,0,0,0,64
124060.0,0,0,0,8,56
124060.0,0,0,0,0,64
125460.0,0,0,0,8,56
125460.0,0,0,0,0,64
125729.0,0,0,0,8,56
125729.0,0,0,0,0,64
125761.0,0,0,0,8,56
125761.0,0,0,0,0,64
125762.0,0,0,0,8,56
125762.0,0,0,0,0,64
125771.0,0,0,0,8,56
125771.0,0,0,0,0,64
126033.0,0,0,0,8,56
126033.0,0,0,0,0,64
126123.0,0,0,0,8,56
126123.0,0,0,0,0,64
126160.0,0,0,0,8,56
126160.0,0,0,0,0,64
127570.0,0,0,0,8,56
127570.0,0,0,0,0,64
127827.0,0,0,0,8,56
127827.0,0,0,0,0,64
127852.0,0,0,0,8,56
127852.0,0,0,0,0,64
127870.0,0,0,0,8,56
127870.0,0,0,0,0,64
127890.0,0,0,0,8,56
127890.0,0,0,0,0,64
128138.0,0,0,0,8,56
128138.0,0,0,0,0,64
128247.0,0,0,0,8,56
128247.0,0,0,0,0,64
128257.0,0,0,0,8,56
128257.0,0,0,0,0,64
129697.0,0,0,0,8,56
129697.0,0,0,0,0,64
129930.0,0,0,0,8,56
129930.0,0,0,0,0,64
129980.0,0,0,0,8,56
129980.0,0,0,0,0,64
129994.0,0,0,0,8,56
129994.0,0,0,0,0,64
130009.0,0,0,0,8,56
130009.0,0,0,0,0,64
130244.0,0,0,0,8,56
130244.0,0,0,0,0,64
130350.0,0,0,0,8,56
130350.0,0,0,0,0,64
130354.0,0,0,0,8,56
130354.0,0,0,0,0,64
131811.0,0,0,0,8,56
131811.0,0,0,0,0,64
132040.0,0,0,0,8,56
132040.0,0,0,0,0,64
132086.0,0,0,0,8,56
132086.0,0,0,0,0,64
132102.0,0,0,0,8,56
132102.0,0,0,0,0,64
132135.0,0,0,0,8,56
132135.0,0,0,0,0,64
132355.0,0,0,0,8,56
132355.0,0,0,0,0,64
132456.0,0,0,0,8,56
132456.0,0,0,0,0,64
132470.0,0,0,0,8,56
132470.0,0,0,0,0,64
133920.0,0,0,0,8,56
133920.0,0,0,0,0,64
134151.0,0,0,0,8,56
134151.0,0,0,0,0,64
134210.0,0,0,0,8,56
134210.0,0,0,0,0,64
134212.0,0,0,0,8,56
134212.0,0,0,0,0,64
134243.0,0,0,0,8,56
134243.0,0,0,0,0,64
134472.0,0,0,0,8,56
134472.0,0,0,0,0,64
134547.0,0,0,0,8,56
134547.0,0,0,0,0,64
134580.0,0,0,0,8,56
136055.0,0,0,0,16,48
136055.0,0,0,0,0,64
136058.0,0,0,0,16,48
136058.0,0,0,0,0,64
136276.0,0,0,0,8,56
136316.0,0,0,0,16,48
136319.0,0,0,0,24,40
136361.0,0,0,0,32,32
136578.0,0,0,0,40,24
136631.0,0,0,0,48,16
138180.0,0,0,0,48,16
139111.0,0,0,0,64,0
