job_id,subtime,start_time,finish_time,waiting_time
9261334,0,0.0,350.0,0.0
9261335,22,22.0,372.0,0.0
9261353,421,421.0,422.0,0.0
9261384,506,506.0,548.0,0.0
9261385,509,509.0,551.0,0.0
9261386,512,512.0,553.0,0.0
9261387,597,597.0,947.0,0.0
9261388,624,624.0,974.0,0.0
9261389,650,650.0,1000.0,0.0
9261406,1038,1038.0,2458.0,0.0
9261408,1041,1041.0,2605.0,0.0
9261407,1040,1040.0,2648.0,0.0
9261409,1043,2458.0,3922.0,1415.0
9261470,2966,3922.0,3943.0,956.0
9261410,1045,2605.0,3961.0,1560.0
9261471,2968,3943.0,3974.0,975.0
9261472,2969,3961.0,3989.0,992.0
9261473,2971,3974.0,3991.0,1003.0
9261474,2972,3989.0,4018.0,1017.0
9261475,2974,3991.0,4020.0,1017.0
9261477,2977,4020.0,4041.0,1043.0
9261476,2976,4018.0,4042.0,1042.0
9261486,2991,4041.0,4062.0,1050.0
9261487,2992,4042.0,4063.0,1050.0
9261488,2994,4062.0,4086.0,1068.0
9261489,2995,4063.0,4095.0,1068.0
9261490,2997,4086.0,4115.0,1089.0
9261491,2998,4095.0,4117.0,1097.0
9261493,3001,4117.0,4134.0,1116.0
9261492,3000,4115.0,4138.0,1115.0
9261494,3049,4134.0,4177.0,1085.0
9261495,3051,4138.0,4180.0,1087.0
9261496,3054,4177.0,4218.0,1123.0
9261497,3140,4180.0,4530.0,1040.0
9261411,1046,2648.0,4551.0,1602.0
9261498,3167,4218.0,4568.0,1051.0
9261499,3190,4530.0,4880.0,1340.0
9261397,913,5100.0,6007.0,4187.0
9261393,911,5100.0,6008.0,4189.0
9261390,909,5100.0,6009.0,4191.0
9261394,911,5100.0,6009.0,4189.0
9261396,912,5100.0,6011.0,4188.0
9261392,911,5100.0,6012.0,4189.0
9261395,912,5100.0,6012.0,4188.0
9261391,910,5100.0,6013.0,4190.0
9261399,913,6008.0,6916.0,5095.0
9261414,1051,6916.0,6917.0,5865.0
9261421,1062,6916.0,6917.0,5854.0
9261398,913,6007.0,6919.0,5094.0
9261401,914,6009.0,6920.0,5095.0
9261404,914,6012.0,6920.0,5098.0
9261400,914,6009.0,6921.0,5095.0
9261405,914,6013.0,6922.0,5099.0
9261402,914,6011.0,6923.0,5097.0
9261403,914,6012.0,6923.0,5098.0
9261433,1839,6922.0,7825.0,5083.0
9261430,1837,6920.0,7826.0,5083.0
9261432,1838,6921.0,7828.0,5083.0
9261434,1839,6923.0,7828.0,5084.0
9261431,1838,6920.0,7829.0,5082.0
9261435,1840,6923.0,7831.0,5083.0
9261426,1069,6917.0,8161.0,5848.0
9261422,1063,6916.0,8278.0,5853.0
9261505,3566,6919.0,8308.0,3353.0
9261515,3582,8308.0,8309.0,4726.0
9261501,3560,6919.0,8310.0,3359.0
9261412,1048,6916.0,8335.0,5868.0
9261425,1068,6916.0,8366.0,5848.0
9261429,1074,6919.0,8372.0,5845.0
9261558,5451,8372.0,8404.0,2921.0
9261559,5452,8404.0,8440.0,2952.0
9261560,5454,8440.0,8461.0,2986.0
9261561,5455,8461.0,8495.0,3006.0
9261423,1065,6916.0,8504.0,5851.0
9261424,1066,6916.0,8505.0,5850.0
9261427,1071,6917.0,8506.0,5846.0
9261428,1073,6919.0,8509.0,5846.0
9261562,5457,8495.0,8517.0,3038.0
9261564,5460,8505.0,8529.0,3045.0
9261563,5459,8504.0,8534.0,3045.0
9261413,1050,6916.0,8541.0,5866.0
9261565,5462,8509.0,8541.0,3047.0
9261574,5476,8517.0,8547.0,3041.0
9261575,5477,8529.0,8548.0,3052.0
9261576,5479,8534.0,8553.0,3055.0
9261577,5481,8541.0,8560.0,3060.0
9261578,5483,8541.0,8563.0,3058.0
9261579,5484,8547.0,8569.0,3063.0
9261580,5486,8548.0,8577.0,3062.0
9261581,5487,8553.0,8578.0,3066.0
9261582,5529,8560.0,8602.0,3031.0
9261583,5531,8563.0,8605.0,3032.0
9261584,5534,8569.0,8610.0,3035.0
9261503,3563,6919.0,8627.0,3356.0
9261662,7889,8605.0,8641.0,716.0
9261663,7890,8610.0,8646.0,720.0
9261664,7892,8627.0,8648.0,735.0
9261665,7895,8641.0,8669.0,746.0
9261502,3562,6919.0,8671.0,3357.0
9261667,7898,8648.0,8675.0,750.0
9261666,7896,8646.0,8680.0,750.0
9261668,7899,8669.0,8687.0,770.0
9261500,3559,6919.0,8700.0,3360.0
9261685,7951,8675.0,8717.0,724.0
9261686,7953,8680.0,8723.0,727.0
9261687,7956,8687.0,8728.0,731.0
9261436,1841,7825.0,8733.0,5984.0
9261437,1841,7826.0,8734.0,5985.0
9261439,1842,7828.0,8734.0,5986.0
9261438,1841,7828.0,8736.0,5987.0
9261441,1842,7831.0,8736.0,5989.0
9261440,1842,7829.0,8737.0,5987.0
9261444,1842,8734.0,8748.0,6892.0
9261446,1862,8736.0,8753.0,6874.0
9261755,8566,8728.0,8769.0,162.0
9261504,3565,6919.0,8795.0,3354.0
9261756,8568,8769.0,8812.0,201.0
9261601,5618,8577.0,8927.0,2959.0
9261602,5647,8578.0,8928.0,2931.0
9261603,5675,8602.0,8952.0,2927.0
9261688,8037,8700.0,9050.0,663.0
9261689,8061,8717.0,9067.0,656.0
9261690,8083,8723.0,9073.0,640.0
9261758,8656,8795.0,9145.0,139.0
9261506,3568,8161.0,9554.0,4593.0
9261518,3586,8335.0,9558.0,4749.0
9261443,1842,8734.0,9640.0,6892.0
9261442,1842,8733.0,9641.0,6891.0
9261445,1843,8736.0,9654.0,6893.0
9261517,3585,8310.0,9748.0,4725.0
9261516,3583,8309.0,9751.0,4726.0
9261757,8571,9748.0,9789.0,1177.0
9261519,3588,8366.0,9809.0,4778.0
9261809,9185,9809.0,9854.0,624.0
9261810,9188,9854.0,9895.0,666.0
9261521,3590,8671.0,9899.0,5081.0
9261811,9191,9895.0,9936.0,704.0
9261520,3589,8506.0,9945.0,4917.0
9261759,8678,9751.0,10101.0,1073.0
9261507,3570,8278.0,10118.0,4708.0
9261760,8701,9789.0,10139.0,1088.0
9261812,9277,9899.0,10249.0,622.0
9261829,9306,9936.0,10286.0,630.0
9261830,9329,9945.0,10295.0,616.0
9261522,3592,9554.0,10650.0,5962.0
9261523,3593,9558.0,10656.0,5965.0
9261454,2764,10656.0,11574.0,7892.0
9261455,2765,11574.0,12489.0,8809.0
9261456,2767,12489.0,13403.0,9722.0
9261457,2768,13403.0,14316.0,10635.0
9261458,2768,14316.0,15232.0,11548.0
9261452,1939,9641.0,15337.0,7702.0
9261459,2769,15232.0,16147.0,12463.0
9261460,2769,15337.0,16254.0,12568.0
9261461,2769,16147.0,17063.0,13378.0
9261462,2770,16254.0,17168.0,13484.0
9261463,2770,17063.0,17981.0,14293.0
9261464,2771,17168.0,18084.0,14397.0
9261465,2771,17981.0,18895.0,15210.0
9261466,2771,18084.0,18996.0,15313.0
9261447,1932,8737.0,19513.0,6805.0
9261448,1932,8748.0,19526.0,6816.0
9261449,1933,8753.0,19529.0,6820.0
9261467,2771,18895.0,19783.0,16124.0
9261468,2771,18996.0,19884.0,16225.0
9261450,1933,9145.0,19922.0,7212.0
9261451,1938,9640.0,20417.0,7702.0
9261469,2772,19513.0,20422.0,16741.0
9261453,1968,9654.0,20431.0,7686.0
9261524,3699,19526.0,20437.0,15827.0
9261525,3700,19529.0,20439.0,15829.0
9261526,3700,19783.0,20694.0,16083.0
9261527,3701,19884.0,20794.0,16183.0
9261528,3701,19922.0,20830.0,16221.0
9261529,3703,20417.0,21326.0,16714.0
9261530,3703,20422.0,21332.0,16719.0
9261531,3703,20431.0,21338.0,16728.0
9261532,3704,20437.0,21345.0,16733.0
9261533,3704,20439.0,21349.0,16735.0
9261534,3704,20694.0,21604.0,16990.0
9261535,3704,20794.0,21704.0,17090.0
9261536,3704,20830.0,21738.0,17126.0
9261537,3704,21326.0,22230.0,17622.0
9261538,3704,21332.0,22238.0,17628.0
9261539,3705,21338.0,22254.0,17633.0
9261540,4625,21345.0,22261.0,16720.0
9261541,4627,21349.0,22265.0,16722.0
9261542,4627,21604.0,22521.0,16977.0
9261543,4627,21704.0,22621.0,17077.0
9261544,4628,21738.0,22654.0,17110.0
9261545,4628,22230.0,23143.0,17602.0
9261546,4629,22238.0,23154.0,17609.0
9261547,4629,22254.0,23171.0,17625.0
9261548,4630,22261.0,23177.0,17631.0
9261549,4630,22265.0,23181.0,17635.0
9261556,4666,23177.0,23194.0,18511.0
9261557,4669,23181.0,23202.0,18512.0
9261550,4630,22521.0,23437.0,17891.0
9261551,4630,22621.0,23536.0,17991.0
9261552,4630,22654.0,23567.0,18024.0
9261553,4630,23143.0,24058.0,18513.0
9261554,4631,23154.0,24069.0,18523.0
9261555,4631,23171.0,24081.0,18540.0
9261585,5564,23194.0,24103.0,17630.0
9261586,5565,23202.0,24113.0,17637.0
9261587,5566,23437.0,24342.0,17871.0
9261588,5566,23536.0,24443.0,17970.0
9261589,5566,23567.0,24474.0,18001.0
9261590,5567,24058.0,24966.0,18491.0
9261591,5567,24069.0,24976.0,18502.0
9261592,5568,24081.0,24991.0,18513.0
9261593,5568,24103.0,25009.0,18535.0
9261594,5568,24113.0,25024.0,18545.0
9261595,5569,24342.0,25253.0,18773.0
9261596,5570,24443.0,25352.0,18873.0
9261597,5570,24474.0,25385.0,18904.0
9261598,5570,24966.0,25847.0,19396.0
9261599,5571,24976.0,25857.0,19405.0
9261600,5571,24991.0,25901.0,19420.0
9261628,6486,25024.0,25935.0,18538.0
9261629,6488,25253.0,26163.0,18765.0
9261630,6489,25352.0,26262.0,18863.0
9261631,6489,25385.0,26294.0,18896.0
9261606,6066,25009.0,26418.0,18943.0
9261604,6063,25009.0,26438.0,18946.0
9261888,11646,26418.0,26451.0,14772.0
9261889,11648,26438.0,26465.0,14790.0
9261890,11650,26451.0,26475.0,14801.0
9261608,6069,25009.0,26484.0,18940.0
9261891,11651,26465.0,26489.0,14814.0
9261892,11653,26475.0,26497.0,14822.0
9261893,11654,26484.0,26505.0,14830.0
9261894,11656,26489.0,26513.0,14833.0
9261895,11658,26497.0,26514.0,14839.0
9261904,11671,26505.0,26532.0,14834.0
9261905,11673,26513.0,26536.0,14840.0
9261906,11674,26514.0,26538.0,14840.0
9261907,11676,26532.0,26557.0,14856.0
9261908,11677,26536.0,26569.0,14859.0
9261909,11679,26538.0,26573.0,14859.0
9261911,11682,26569.0,26589.0,14887.0
9261610,6072,25009.0,26592.0,18937.0
9261910,11680,26557.0,26601.0,14877.0
9261912,11741,26573.0,26616.0,14832.0
9261913,11743,26589.0,26631.0,14846.0
9261914,11746,26592.0,26634.0,14846.0
9261982,12378,26634.0,26674.0,14256.0
9261607,6068,25009.0,26697.0,18941.0
9261983,12381,26674.0,26718.0,14293.0
9261605,6064,25009.0,26724.0,18945.0
9261984,12383,26697.0,26738.0,14314.0
9261632,6490,25847.0,26756.0,19357.0
9261633,6490,25857.0,26763.0,19367.0
9261611,6074,25009.0,26776.0,18935.0
9262044,14918,26776.0,26800.0,11858.0
9261634,6491,25901.0,26811.0,19410.0
9261609,6071,25009.0,26814.0,18938.0
9261635,6491,25935.0,26841.0,19444.0
9262045,14920,26800.0,26841.0,11880.0
9262075,15013,26814.0,26855.0,11801.0
9261915,11819,26601.0,26951.0,14782.0
9261916,11846,26616.0,26966.0,14770.0
9261917,11870,26631.0,26981.0,14761.0
9261985,12470,26718.0,27068.0,14248.0
9261636,6492,26163.0,27073.0,19671.0
9261986,12495,26724.0,27074.0,14229.0
9261987,12518,26738.0,27088.0,14220.0
9261637,6492,26262.0,27170.0,19770.0
9261638,6492,26294.0,27200.0,19802.0
9261639,6492,26756.0,27667.0,20264.0
9261640,6492,26763.0,27672.0,20271.0
9261641,6492,26811.0,27720.0,20319.0
9261642,6492,26841.0,27749.0,20349.0
9261643,6493,27073.0,27986.0,20580.0
9261644,7424,27088.0,28003.0,19664.0
9261645,7425,27170.0,28084.0,19745.0
9261646,7427,27200.0,28114.0,19773.0
9261647,7427,27667.0,28578.0,20240.0
9261648,7427,27672.0,28587.0,20245.0
9261649,7427,27720.0,28630.0,20293.0
9261650,7428,27749.0,28663.0,20321.0
9261651,7428,27986.0,28900.0,20558.0
9261652,7428,28003.0,28916.0,20575.0
9261660,7459,28916.0,28926.0,21457.0
9261661,7463,28926.0,28936.0,21463.0
9261653,7428,28084.0,28998.0,20656.0
9261654,7428,28114.0,29026.0,20686.0
9261655,7428,28578.0,29493.0,21150.0
9261656,7428,28587.0,29500.0,21159.0
9261657,7428,28630.0,29541.0,21202.0
9261658,7429,28663.0,29576.0,21234.0
9261659,7429,28900.0,29810.0,21471.0
9261691,8347,28936.0,29851.0,20589.0
9261692,8348,28998.0,29910.0,20650.0
9261693,8349,29026.0,29934.0,20677.0
9261694,8349,29493.0,30405.0,21144.0
9261695,8349,29500.0,30415.0,21151.0
9261696,8350,29541.0,30451.0,21191.0
9261697,8351,29576.0,30491.0,21225.0
9261698,8351,29810.0,30724.0,21459.0
9261699,8352,29851.0,30760.0,21499.0
9261711,8454,30760.0,30761.0,22306.0
9261712,8456,30760.0,30761.0,22304.0
9261713,8457,30760.0,30761.0,22303.0
9261714,8459,30760.0,30761.0,22301.0
9261716,8462,30760.0,30761.0,22298.0
9261718,8465,30760.0,30761.0,22295.0
9261719,8467,30760.0,30761.0,22293.0
9261761,9079,30760.0,30762.0,21681.0
9261778,9106,30761.0,30762.0,21655.0
9261779,9108,30761.0,30762.0,21653.0
9261780,9109,30761.0,30762.0,21652.0
9261762,9081,30761.0,30763.0,21680.0
9261700,8352,29910.0,30825.0,21558.0
9261701,8352,29934.0,30847.0,21582.0
9261702,8353,30405.0,31318.0,22052.0
9261703,8353,30415.0,31328.0,22062.0
9261704,8353,30451.0,31337.0,22098.0
9261705,8354,30491.0,31377.0,22137.0
9261706,8354,30724.0,31637.0,22370.0
9261813,9278,30825.0,31738.0,21547.0
9261814,9278,30847.0,31758.0,21569.0
9261832,9725,30761.0,32123.0,21036.0
9261834,9728,30762.0,32124.0,21034.0
9261835,9729,30762.0,32136.0,21033.0
9262046,14921,32123.0,32144.0,17202.0
9262047,14923,32124.0,32158.0,17201.0
9262048,14924,32136.0,32162.0,17212.0
9262049,14926,32144.0,32174.0,17218.0
9262051,14929,32162.0,32180.0,17233.0
9261838,9734,30763.0,32181.0,21029.0
9262050,14927,32158.0,32186.0,17231.0
9262061,14945,32180.0,32188.0,17235.0
9262060,14943,32174.0,32198.0,17231.0
9262063,14948,32186.0,32201.0,17238.0
9262062,14947,32181.0,32206.0,17234.0
9262064,14950,32188.0,32212.0,17238.0
9262067,14954,32206.0,32223.0,17252.0
9262066,14953,32201.0,32227.0,17248.0
9262065,14951,32198.0,32228.0,17247.0
9261815,9278,31318.0,32231.0,22040.0
9261816,9280,31328.0,32240.0,22048.0
9261817,9280,31337.0,32248.0,22057.0
9262076,15016,32212.0,32255.0,17196.0
9262077,15019,32223.0,32264.0,17204.0
9261818,9281,31377.0,32286.0,22096.0
9262129,15635,32264.0,32306.0,16629.0
9262130,15638,32306.0,32349.0,16668.0
9262131,15640,32349.0,32390.0,16709.0
9261819,9281,31637.0,32549.0,22356.0
9262078,15102,32227.0,32577.0,17125.0
9262079,15127,32228.0,32578.0,17101.0
9261831,9723,30761.0,32584.0,21038.0
9261837,9732,30762.0,32586.0,21030.0
9262080,15153,32255.0,32605.0,17102.0
9262173,18330,32586.0,32605.0,14256.0
9262172,18329,32584.0,32617.0,14255.0
9262174,18332,32605.0,32635.0,14273.0
9262176,18335,32617.0,32635.0,14282.0
9262175,18334,32605.0,32637.0,14271.0
9261820,9281,31738.0,32650.0,22457.0
9261836,9731,30762.0,32660.0,21031.0
9262179,18340,32637.0,32661.0,14297.0
9262177,18337,32635.0,32662.0,14298.0
9261833,9726,30761.0,32665.0,21035.0
9262178,18338,32635.0,32667.0,14297.0
9261821,9281,31758.0,32671.0,22477.0
9262188,18395,32660.0,32703.0,14265.0
9262189,18397,32661.0,32703.0,14264.0
9262190,18400,32662.0,32703.0,14262.0
9262132,15724,32390.0,32740.0,16666.0
9262133,15751,32577.0,32927.0,16826.0
9262134,15775,32578.0,32928.0,16803.0
9262191,18489,32665.0,33015.0,14176.0
9262192,18515,32667.0,33017.0,14152.0
9261822,9281,32231.0,33142.0,22950.0
9261823,9282,32240.0,33147.0,22958.0
9261824,9282,32248.0,33160.0,22966.0
9261825,9282,32286.0,33195.0,23004.0
9261826,9282,32549.0,33458.0,23267.0
9261827,9283,32650.0,33558.0,23367.0
9261828,9283,32671.0,33671.0,23388.0
9261855,10212,33142.0,34141.0,22930.0
9261856,10212,33147.0,34146.0,22935.0
9261857,10213,33160.0,34160.0,22947.0
9261858,10214,33195.0,34194.0,22981.0
9261847,9748,32703.0,34412.0,22955.0
9261849,9751,32703.0,34415.0,22952.0
9261848,9749,32703.0,34428.0,22954.0
9262234,20920,34415.0,34442.0,13495.0
9262235,20922,34428.0,34452.0,13506.0
9261859,10215,33458.0,34454.0,23243.0
9261850,9752,32740.0,34465.0,22988.0
9262236,20923,34442.0,34469.0,13519.0
9262237,20925,34452.0,34471.0,13527.0
9262238,20926,34465.0,34485.0,13539.0
9262240,20929,34471.0,34489.0,13542.0
9262239,20928,34469.0,34499.0,13541.0
9262241,20931,34485.0,34518.0,13554.0
9262242,20998,34489.0,34532.0,13491.0
9262243,21001,34499.0,34541.0,13498.0
9261860,10215,33558.0,34556.0,23343.0
9262244,21004,34518.0,34559.0,13514.0
9261851,9754,32927.0,34623.0,23173.0
9261852,9755,32928.0,34626.0,23173.0
9262296,21647,34623.0,34665.0,12976.0
9262297,21650,34626.0,34669.0,12976.0
9261861,10215,33671.0,34670.0,23456.0
9262298,21653,34665.0,34706.0,13012.0
9261853,9757,33015.0,34728.0,23258.0
9261854,9759,33017.0,34731.0,23258.0
9262193,18541,34412.0,34762.0,15871.0
9262245,21088,34532.0,34882.0,13444.0
9262246,21115,34541.0,34891.0,13426.0
9262247,21140,34559.0,34909.0,13419.0
9262299,21737,34669.0,35019.0,12932.0
9262300,21760,34706.0,35056.0,12946.0
9262301,21785,34728.0,35078.0,12943.0
9261862,10215,34141.0,35139.0,23926.0
9261863,10216,34146.0,35143.0,23930.0
9261864,10216,34160.0,35156.0,23944.0
9261865,10216,34194.0,35189.0,23978.0
9261866,10216,34454.0,35453.0,24238.0
9261867,10216,34556.0,35554.0,24340.0
9261868,10216,34670.0,35669.0,24454.0
9261870,10217,35139.0,36050.0,24922.0
9261871,10242,35143.0,36055.0,24901.0
9261872,11140,35156.0,36068.0,24016.0
9261869,10216,35078.0,36073.0,24862.0
9261873,11141,35189.0,36101.0,24048.0
9261874,11142,35453.0,36364.0,24311.0
9261875,11142,35554.0,36464.0,24412.0
9261876,11144,35669.0,36577.0,24525.0
9261877,11144,36050.0,36961.0,24906.0
9261878,11145,36055.0,36963.0,24910.0
9261879,11145,36068.0,36978.0,24923.0
9261880,11145,36073.0,36983.0,24928.0
9261881,11146,36101.0,37008.0,24955.0
9261882,11146,36364.0,37276.0,25218.0
9261883,11147,36464.0,37375.0,25317.0
9261884,11147,36577.0,37488.0,25430.0
9261885,11147,36961.0,37870.0,25814.0
9261886,11148,36963.0,37883.0,25815.0
9261887,11149,36978.0,37898.0,25829.0
9261918,12069,36983.0,37903.0,24914.0
9261919,12070,37008.0,37928.0,24938.0
9261920,12071,37276.0,38193.0,25205.0
9261921,12071,37375.0,38291.0,25304.0
9261922,12071,37488.0,38407.0,25417.0
9261923,12073,37870.0,38789.0,25797.0
9261924,12073,37883.0,38801.0,25810.0
9261925,12073,37898.0,38817.0,25825.0
9261926,12074,37903.0,38821.0,25829.0
9261927,12074,37928.0,38844.0,25854.0
9261928,12074,38193.0,39112.0,26119.0
9261929,12074,38291.0,39206.0,26217.0
9261930,12074,38407.0,39324.0,26333.0
9261931,12075,38789.0,39705.0,26714.0
9262009,12952,38844.0,40077.0,25892.0
9262098,15541,40077.0,40078.0,24536.0
9262099,15542,40078.0,40079.0,24536.0
9262100,15544,40079.0,40080.0,24535.0
9262141,16166,40080.0,40081.0,23914.0
9262142,16167,40081.0,40082.0,23914.0
9262011,12955,38844.0,40162.0,25889.0
9262007,12948,38844.0,40186.0,25896.0
9261988,12919,38821.0,40202.0,25902.0
9261994,12928,38821.0,40217.0,25893.0
9261990,12922,38821.0,40236.0,25899.0
9262010,12953,38844.0,40269.0,25891.0
9262006,12947,38844.0,40274.0,25897.0
9262008,12950,38844.0,40275.0,25894.0
9262151,16182,40275.0,40276.0,24093.0
9262152,16183,40276.0,40277.0,24093.0
9262157,16190,40277.0,40278.0,24087.0
9262158,16192,40278.0,40279.0,24086.0
9262196,18936,40279.0,40280.0,21343.0
9261992,12925,38821.0,40330.0,25896.0
9261993,12927,38821.0,40462.0,25894.0
9261933,12075,38817.0,40501.0,26742.0
9261932,12075,38801.0,40528.0,26726.0
9261991,12924,38821.0,40534.0,25897.0
9261989,12921,38821.0,40678.0,25900.0
9261995,12930,38821.0,40748.0,25891.0
9262004,12944,38844.0,40795.0,25900.0
9262005,12945,38844.0,40795.0,25899.0
9262012,13087,39112.0,40886.0,26025.0
9262013,13087,39206.0,40893.0,26119.0
9262014,13088,39324.0,41138.0,26236.0
9262143,16169,40082.0,41461.0,23913.0
9262256,21526,41461.0,41462.0,19935.0
9262260,21533,41462.0,41463.0,19929.0
9262266,21542,41463.0,41464.0,19921.0
9262267,21543,41464.0,41465.0,19921.0
9262015,13088,39705.0,41513.0,26617.0
9262145,16173,40186.0,41604.0,24013.0
9262326,24140,41604.0,41632.0,17464.0
9262210,18958,40280.0,41646.0,21322.0
9262327,24142,41632.0,41648.0,17490.0
9262148,16177,40236.0,41657.0,24059.0
9262329,24146,41648.0,41665.0,17502.0
9262328,24144,41646.0,41673.0,17502.0
9262330,24147,41657.0,41687.0,17510.0
9262331,24149,41665.0,41689.0,17516.0
9262332,24150,41673.0,41698.0,17523.0
9262333,24152,41687.0,41702.0,17535.0
9262343,24168,41698.0,41719.0,17530.0
9262342,24166,41689.0,41722.0,17523.0
9262344,24169,41702.0,41732.0,17533.0
9262347,24174,41732.0,41739.0,17558.0
9262346,24172,41722.0,41747.0,17550.0
9262345,24171,41719.0,41755.0,17548.0
9262349,24177,41747.0,41765.0,17570.0
9262348,24175,41739.0,41776.0,17564.0
9262350,24227,41755.0,41795.0,17528.0
9262351,24230,41765.0,41805.0,17535.0
9262149,16179,40269.0,41814.0,24090.0
9262352,24232,41776.0,41817.0,17544.0
9262404,24902,41817.0,41859.0,16915.0
9262212,18961,40462.0,41875.0,21501.0
9262405,24905,41859.0,41905.0,16954.0
9262406,24908,41875.0,41916.0,16967.0
9262147,16176,40217.0,41917.0,24041.0
9262211,18960,40330.0,41921.0,21370.0
9262450,27334,41921.0,41951.0,14587.0
9262146,16174,40202.0,41957.0,24028.0
9262451,27336,41951.0,41978.0,14615.0
9262458,27409,41957.0,41999.0,14548.0
9262144,16171,40162.0,42002.0,23991.0
9262217,18969,40795.0,42139.0,21826.0
9262353,24315,41795.0,42145.0,17480.0
9262354,24344,41805.0,42155.0,17461.0
9262355,24370,41814.0,42164.0,17444.0
9262407,24998,41905.0,42255.0,16907.0
9262408,25025,41916.0,42266.0,16891.0
9262409,25050,41917.0,42267.0,16867.0
9262016,13089,40501.0,42310.0,27412.0
9262216,18967,40795.0,42323.0,21828.0
9262017,13090,40528.0,42334.0,27438.0
9262150,16180,40274.0,42401.0,24094.0
9262213,18963,40534.0,42446.0,21571.0
9262215,18966,40748.0,42547.0,21782.0
9262214,18964,40678.0,42590.0,21714.0
9262019,13090,40893.0,42666.0,27803.0
9262018,13090,40886.0,42674.0,27796.0
9262020,13091,41138.0,42931.0,28047.0
9262021,13091,41513.0,43313.0,28422.0
9262302,22168,41465.0,43388.0,19297.0
9262310,22181,43388.0,43389.0,21207.0
9262311,22182,43389.0,43390.0,21207.0
9262316,22190,43390.0,43391.0,21200.0
9262317,22191,43391.0,43392.0,21200.0
9262303,22169,42266.0,43645.0,20097.0
9262306,22174,42401.0,43808.0,20227.0
9262308,22177,42547.0,43963.0,20370.0
9262022,13091,42255.0,44052.0,29164.0
9262023,13091,42310.0,44109.0,29219.0
9262024,13091,42334.0,44127.0,29243.0
9262304,22171,42267.0,44203.0,20096.0
9262305,22172,42323.0,44220.0,20151.0
9262307,22176,42446.0,44237.0,20270.0
9262309,22179,42590.0,44455.0,20411.0
9262025,13091,42666.0,44477.0,29575.0
9262026,13091,42674.0,44575.0,29583.0
9262320,22196,43808.0,44819.0,21612.0
9262363,24795,44819.0,44820.0,20024.0
9262366,24800,44820.0,44821.0,20020.0
9262367,24801,44821.0,44822.0,20020.0
9262425,25470,44822.0,44823.0,19352.0
9262027,13092,42931.0,44827.0,29839.0
9262319,22195,43645.0,45152.0,21450.0
9262318,22193,43392.0,45182.0,21199.0
9262028,14021,43313.0,45209.0,29292.0
9262321,22198,43963.0,45292.0,21765.0
9262324,22202,44237.0,45626.0,22035.0
9262325,22203,44455.0,45776.0,22252.0
9262323,22201,44220.0,45903.0,22019.0
9262029,14023,44052.0,45953.0,30029.0
9262322,22199,44203.0,46003.0,22004.0
9262030,14023,44109.0,46008.0,30086.0
9262031,14024,44127.0,46028.0,30103.0
9262426,25471,44823.0,46155.0,19352.0
9262452,27337,46155.0,46173.0,18818.0
9262453,27339,46173.0,46192.0,18834.0
9262454,27340,46192.0,46218.0,18852.0
9262455,27341,46218.0,46236.0,18877.0
9262456,27343,46236.0,46259.0,18893.0
9262457,27344,46259.0,46286.0,18915.0
9262459,27412,46286.0,46333.0,18874.0
9262032,14025,44477.0,46373.0,30452.0
9262460,27414,46333.0,46374.0,18919.0
9262033,14025,44575.0,46473.0,30550.0
9262427,25473,45152.0,46524.0,19679.0
9262034,14025,44827.0,46723.0,30802.0
9262461,27508,46374.0,46724.0,18866.0
9262428,25474,45182.0,46858.0,19708.0
9262462,27534,46524.0,46874.0,18990.0
9262433,25482,46003.0,47019.0,20521.0
9262430,25477,45626.0,47052.0,20149.0
9262463,27557,46724.0,47074.0,19167.0
9262431,25479,45776.0,47095.0,20297.0
9262429,25476,45292.0,47104.0,19816.0
9262035,14026,45209.0,47106.0,31183.0
9262432,25480,45903.0,47722.0,20423.0
9262036,14026,45953.0,47832.0,31927.0
9262037,14026,46008.0,47888.0,31982.0
9262038,14026,46028.0,47902.0,32002.0
9262039,14026,46373.0,48254.0,32347.0
9262040,14027,46473.0,48350.0,32446.0
9262467,27953,47052.0,48434.0,19099.0
9262469,27956,47095.0,48500.0,19139.0
9262041,14027,46723.0,48601.0,32696.0
9262464,27948,46858.0,48832.0,18910.0
9262465,27950,46874.0,48851.0,18924.0
9262466,27951,47019.0,48944.0,19068.0
9262468,27955,47074.0,48944.0,19119.0
9262042,14027,47106.0,48986.0,33079.0
9262470,27958,47104.0,49180.0,19146.0
9262070,14964,48254.0,49624.0,33290.0
9262043,14027,47832.0,49712.0,33805.0
9262071,14964,48350.0,49718.0,33386.0
9262068,14961,47888.0,49766.0,32927.0
9262069,14962,47902.0,49782.0,32940.0
9262471,27960,47722.0,49799.0,19762.0
9262480,27974,48434.0,49836.0,20460.0
9262488,30048,49836.0,49863.0,19788.0
9262489,30050,49863.0,49884.0,19813.0
9262490,30051,49884.0,49910.0,19833.0
9262491,30053,49910.0,49933.0,19857.0
9262492,30054,49933.0,49960.0,19879.0
9262072,14965,48601.0,49973.0,33636.0
9262494,30058,49973.0,49984.0,19915.0
9262493,30056,49960.0,49986.0,19904.0
9262495,30059,49973.0,49988.0,19914.0
9262505,30075,49973.0,49990.0,19898.0
9262506,30077,49973.0,49994.0,19896.0
9262508,30080,49973.0,49997.0,19893.0
9262504,30073,49973.0,50006.0,19900.0
9262511,30084,49986.0,50007.0,19902.0
9262507,30078,49973.0,50008.0,19895.0
9262509,30081,49973.0,50008.0,19892.0
9262510,30083,49984.0,50017.0,19901.0
9262512,30146,49988.0,50030.0,19842.0
9262513,30148,49990.0,50031.0,19842.0
9262514,30151,49994.0,50035.0,19843.0
9262485,27982,48944.0,50084.0,20962.0
9262484,27980,48944.0,50112.0,20964.0
9262483,27979,48851.0,50169.0,20872.0
9262533,30764,50169.0,50170.0,19405.0
9262160,17678,49718.0,50311.0,32040.0
9262542,32643,50311.0,50332.0,17668.0
9262161,17678,49766.0,50346.0,32088.0
9262515,30234,49997.0,50347.0,19763.0
9262486,27983,49180.0,50350.0,21197.0
9262073,14965,48986.0,50352.0,34021.0
9262516,30259,50006.0,50356.0,19747.0
9262517,30282,50007.0,50357.0,19725.0
9262162,17678,49782.0,50360.0,32104.0
9262545,32648,50346.0,50362.0,17698.0
9262548,32652,50346.0,50362.0,17694.0
9262547,32651,50346.0,50364.0,17695.0
9262549,32654,50346.0,50364.0,17692.0
9262543,32644,50332.0,50366.0,17688.0
9262561,32674,50350.0,50368.0,17676.0
9262546,32649,50346.0,50370.0,17697.0
9262544,32646,50346.0,50373.0,17700.0
9262562,32675,50352.0,50373.0,17677.0
9262560,32672,50347.0,50374.0,17675.0
9262558,32668,50346.0,50376.0,17678.0
9262563,32677,50352.0,50379.0,17675.0
9262565,32680,50352.0,50379.0,17672.0
9262559,32671,50346.0,50380.0,17675.0
9262566,32758,50352.0,50394.0,17594.0
9262568,32763,50352.0,50394.0,17589.0
9262564,32678,50352.0,50395.0,17674.0
9262567,32760,50352.0,50395.0,17592.0
9262596,35216,50373.0,50397.0,15157.0
9262599,35221,50379.0,50404.0,15158.0
9262600,35223,50379.0,50406.0,15156.0
9262603,35228,50394.0,50410.0,15166.0
9262598,35220,50376.0,50414.0,15156.0
9262601,35225,50380.0,50418.0,15155.0
9262615,35246,50404.0,50418.0,15158.0
9262481,27976,48500.0,50419.0,20524.0
9262597,35218,50374.0,50420.0,15156.0
9262612,35242,50395.0,50422.0,15153.0
9262614,35245,50397.0,50422.0,15152.0
9262616,35248,50406.0,50427.0,15158.0
9262613,35244,50395.0,50428.0,15151.0
9262602,35227,50394.0,50429.0,15167.0
9262617,35249,50410.0,50434.0,15161.0
9262618,35251,50414.0,50448.0,15163.0
9262619,35253,50418.0,50452.0,15165.0
9262482,27977,48832.0,50640.0,20855.0
9262159,16619,49712.0,50691.0,33093.0
9262569,32836,50352.0,50702.0,17516.0
9262570,32862,50356.0,50706.0,17494.0
9262571,32886,50357.0,50707.0,17471.0
9262487,27985,49799.0,50939.0,21814.0
9262074,14965,49624.0,51001.0,34659.0
9262518,30673,50008.0,51412.0,19335.0
9262520,30728,50017.0,51420.0,19289.0
9262590,33293,50364.0,51462.0,17071.0
9262591,33295,50364.0,51462.0,17069.0
9262537,30770,50311.0,51486.0,19541.0
9262540,30775,50311.0,51489.0,19536.0
9262525,30751,50112.0,51526.0,19361.0
9262522,30737,50031.0,51545.0,19294.0
9262534,30766,50170.0,51546.0,19404.0
9262539,30773,50311.0,51572.0,19538.0
9262541,30777,50311.0,51622.0,19534.0
9262535,30767,50311.0,51655.0,19544.0
9262538,30772,50311.0,51672.0,19539.0
9262592,33296,50366.0,51733.0,17070.0
9262595,33301,50373.0,51751.0,17072.0
9262576,33271,50360.0,51766.0,17089.0
9262578,33274,50360.0,51796.0,17086.0
9262523,30748,50035.0,51849.0,19287.0
9262575,33269,50360.0,51849.0,17091.0
9262524,30749,50084.0,51872.0,19335.0
9262521,30730,50030.0,51902.0,19300.0
9262519,30702,50008.0,51921.0,19306.0
9262579,33276,50360.0,52018.0,17084.0
9262577,33272,50360.0,52123.0,17088.0
9262594,33299,50370.0,52145.0,17071.0
9262536,30768,50311.0,52157.0,19543.0
9262589,33291,50362.0,52213.0,17071.0
9262588,33290,50362.0,52217.0,17072.0
9262574,33267,50360.0,52224.0,17093.0
9262593,33298,50368.0,52229.0,17070.0
9262572,33264,50360.0,52268.0,17096.0
9262573,33266,50360.0,52273.0,17094.0
9262620,49973,55807.0,55809.0,5834.0
9262621,50059,55809.0,56178.0,5750.0
9262622,62278,64078.0,66650.0,1800.0
9262623,65386,66650.0,66733.0,1264.0
9262624,65620,66733.0,67188.0,1113.0
9262625,66091,67186.0,69403.0,1095.0
9262628,71693,73493.0,73501.0,1800.0
9262629,71693,73493.0,73501.0,1800.0
9262630,71693,73493.0,73501.0,1800.0
9262626,71693,73493.0,73504.0,1800.0
9262627,71693,73493.0,73504.0,1800.0
9262631,71693,73493.0,73504.0,1800.0
9262634,71693,73501.0,73507.0,1808.0
9262633,71693,73501.0,73509.0,1808.0
9262632,71693,73501.0,73512.0,1808.0
9262635,71693,73504.0,73512.0,1811.0
9262636,71693,73504.0,73515.0,1811.0
9262637,71693,73504.0,73515.0,1811.0
9262638,71693,73507.0,73515.0,1814.0
9262639,71693,73509.0,73520.0,1816.0
9262641,71693,73512.0,73520.0,1819.0
9262642,71693,73515.0,73521.0,1822.0
9262643,71693,73515.0,73521.0,1822.0
9262644,71693,73515.0,73521.0,1822.0
9262640,71693,73512.0,73523.0,1819.0
9262646,71693,73520.0,73526.0,1827.0
9262645,71693,73520.0,73527.0,1827.0
9262647,71693,73521.0,73528.0,1828.0
9262648,71693,73521.0,73528.0,1828.0
9262649,71693,73521.0,73528.0,1828.0
9262650,71693,73523.0,73529.0,1830.0
9262651,71693,73526.0,73531.0,1833.0
9262652,71694,73527.0,73534.0,1833.0
9262653,71694,73528.0,73534.0,1834.0
9262654,71694,73528.0,73534.0,1834.0
9262655,71694,73528.0,73535.0,1834.0
9262656,71694,73529.0,73536.0,1835.0
9262657,71694,73531.0,73537.0,1837.0
9262658,71694,73534.0,73540.0,1840.0
9262659,71694,73534.0,73540.0,1840.0
9262660,71694,73534.0,73541.0,1840.0
9262661,71694,73535.0,73541.0,1841.0
9262662,71694,73536.0,73543.0,1842.0
9262663,71694,73537.0,73544.0,1843.0
9262665,71694,73540.0,73545.0,1846.0
9262664,71694,73540.0,73546.0,1846.0
9262666,71694,73541.0,73548.0,1847.0
9262667,71694,73541.0,73548.0,1847.0
9262668,71694,73543.0,73550.0,1849.0
9262669,71694,73544.0,73551.0,1850.0
9262670,71694,73545.0,73552.0,1851.0
9262671,71694,73546.0,73553.0,1852.0
9262673,71694,73548.0,73554.0,1854.0
9262672,71694,73548.0,73555.0,1854.0
9262674,71694,73550.0,73556.0,1856.0
9262675,71694,73551.0,73557.0,1857.0
9262676,71694,73552.0,73558.0,1858.0
9262677,71694,73553.0,73559.0,1859.0
9262678,71694,73554.0,73560.0,1860.0
9262679,71694,73555.0,73561.0,1861.0
9262680,71694,73556.0,73562.0,1862.0
9262681,71694,73557.0,73563.0,1863.0
9262682,71694,73558.0,73564.0,1864.0
9262683,71694,73559.0,73565.0,1865.0
9262684,71694,73560.0,73566.0,1866.0
9262685,71694,73561.0,73567.0,1867.0
9262688,71694,73564.0,73567.0,1870.0
9262686,71694,73562.0,73568.0,1868.0
9262687,71694,73563.0,73569.0,1869.0
9262689,72228,73565.0,73959.0,1337.0
9262690,72228,73566.0,73960.0,1338.0
9262691,72228,73567.0,73961.0,1339.0
9262692,72228,73567.0,73961.0,1339.0
9262693,72228,73568.0,73962.0,1340.0
9262694,72228,73569.0,73963.0,1341.0
9262695,72228,73959.0,74353.0,1731.0
9262696,72228,73960.0,74354.0,1732.0
9262697,72228,73961.0,74355.0,1733.0
9262698,72228,73961.0,74355.0,1733.0
9262699,72228,73962.0,74356.0,1734.0
9262700,72228,73963.0,74357.0,1735.0
9262752,72817,74356.0,74496.0,1539.0
9262753,72817,74357.0,74497.0,1540.0
9262754,72817,74496.0,74636.0,1679.0
9262755,72817,74497.0,74637.0,1680.0
9262756,72817,74503.0,74643.0,1686.0
9262757,72817,74503.0,74643.0,1686.0
9262701,72228,74353.0,74747.0,2125.0
9262702,72228,74354.0,74748.0,2126.0
9262703,72228,74355.0,74749.0,2127.0
9262704,72228,74355.0,74749.0,2127.0
9262758,72817,74636.0,74776.0,1819.0
9262759,72817,74637.0,74777.0,1820.0
9262760,72817,74643.0,74783.0,1826.0
9262761,72817,74643.0,74783.0,1826.0
9262762,72817,74747.0,74887.0,1930.0
9262763,72817,74748.0,74888.0,1931.0
9262764,72817,74749.0,74889.0,1932.0
9262765,72817,74749.0,74889.0,1932.0
9262766,72817,74776.0,74916.0,1959.0
9262767,72817,74777.0,74917.0,1960.0
9262821,72974,74916.0,74932.0,1942.0
9262815,72973,74783.0,78968.0,1810.0
9262816,72974,74783.0,78978.0,1809.0
9262817,72974,74887.0,79070.0,1913.0
9262820,72974,74889.0,79124.0,1915.0
9262818,72974,74888.0,79128.0,1914.0
9262823,72974,74932.0,79142.0,1958.0
9262822,72974,74917.0,79145.0,1943.0
9262819,72974,74889.0,82961.0,1915.0
9262824,72974,78968.0,83198.0,5994.0
9262825,72974,78978.0,83204.0,6004.0
9262826,72974,79070.0,83292.0,6096.0
9262827,72974,79124.0,83310.0,6150.0
9262828,72974,79128.0,83322.0,6154.0
9262830,72974,79145.0,83342.0,6171.0
9262829,72974,79142.0,83347.0,6168.0
9262833,72974,83204.0,87060.0,10230.0
9262832,72974,83198.0,87085.0,10224.0
9262834,72974,83292.0,87148.0,10318.0
9262835,72974,83310.0,87166.0,10336.0
9262836,72974,83322.0,87178.0,10348.0
9262831,72974,82961.0,87197.0,9987.0
9262837,72974,83342.0,87198.0,10368.0
9262838,72974,83347.0,87203.0,10373.0
9262840,72974,87085.0,90910.0,14111.0
9262839,72974,87060.0,90916.0,14086.0
9262841,72974,87148.0,90973.0,14174.0
9262842,72974,87166.0,90991.0,14192.0
9262846,72974,87203.0,90997.0,14229.0
9262843,72974,87178.0,91003.0,14204.0
9262844,72974,87197.0,91022.0,14223.0
9262845,72974,87198.0,91023.0,14224.0
9262878,74930,90973.0,93957.0,16043.0
9262879,75869,93957.0,93989.0,18088.0
9262887,81120,93989.0,96396.0,12869.0
9262888,81120,96396.0,98812.0,15276.0
9262886,78235,93989.0,99491.0,15754.0
9262889,81120,98812.0,101235.0,17692.0
9262880,78226,90910.0,101687.0,12684.0
9262881,78228,90991.0,101767.0,12763.0
9262882,78229,90997.0,101774.0,12768.0
9262883,78231,91003.0,101782.0,12772.0
9262884,78232,91022.0,101799.0,12790.0
9262885,78233,91023.0,101801.0,12790.0
9262890,81120,99491.0,101923.0,18371.0
9262891,81120,101235.0,103653.0,20115.0
9262892,81120,101687.0,104125.0,20567.0
9262893,81120,101767.0,104176.0,20647.0
9262894,81120,101774.0,104212.0,20654.0
9262896,81120,101799.0,104227.0,20679.0
9262895,81120,101782.0,104230.0,20662.0
9262897,81120,101801.0,104274.0,20681.0
9262898,81120,101923.0,104386.0,20803.0
9262899,81120,103653.0,106084.0,22533.0
9262900,81120,104125.0,106569.0,23005.0
9262901,81120,104176.0,106617.0,23056.0
9262904,81120,104230.0,106626.0,23110.0
9262903,81120,104227.0,106641.0,23107.0
9262902,81120,104212.0,106673.0,23092.0
9262905,81120,104274.0,106687.0,23154.0
9262906,81120,104386.0,106787.0,23266.0
9262907,81121,106084.0,108493.0,24963.0
9262908,81121,106569.0,108976.0,25448.0
9262909,81121,106617.0,109023.0,25496.0
9262910,81121,106626.0,109054.0,25505.0
9262911,81121,106641.0,109066.0,25520.0
9262912,81121,106673.0,109094.0,25552.0
9262913,81121,106687.0,109102.0,25566.0
9262914,81121,106787.0,109178.0,25666.0
9262922,81121,109178.0,109196.0,28057.0
9262915,81121,108493.0,110907.0,27372.0
9262916,81121,108976.0,111395.0,27855.0
9262917,81121,109023.0,111437.0,27902.0
9262918,81121,109054.0,111458.0,27933.0
9262919,81121,109066.0,111467.0,27945.0
9262920,81121,109094.0,111481.0,27973.0
9262921,81121,109102.0,111536.0,27981.0
9262923,81121,109196.0,111618.0,28075.0
9262924,81121,110907.0,113344.0,29786.0
9262925,81121,111395.0,113826.0,30274.0
9262927,81121,111458.0,113849.0,30337.0
9262926,81121,111437.0,113883.0,30316.0
9262928,81121,111467.0,113885.0,30346.0
9262929,81121,111481.0,113886.0,30360.0
9262930,81121,111536.0,113979.0,30415.0
9262931,81121,111618.0,114031.0,30497.0
9262932,81121,113344.0,115767.0,32223.0
9262933,81121,113826.0,116249.0,32705.0
9262934,81121,113849.0,116265.0,32728.0
9262935,81121,113883.0,116294.0,32762.0
9262936,81121,113885.0,116299.0,32764.0
9262937,81121,113886.0,116315.0,32765.0
9262938,81121,113979.0,116376.0,32858.0
9262939,81121,114031.0,116433.0,32910.0
9262940,81121,115767.0,118167.0,34646.0
9262941,81121,116249.0,118661.0,35128.0
9262942,81121,116265.0,118675.0,35144.0
9262944,81121,116299.0,118704.0,35178.0
9262943,81121,116294.0,118710.0,35173.0
9262945,81121,116315.0,118720.0,35194.0
9262946,81121,116376.0,118785.0,35255.0
9262947,81121,116433.0,118854.0,35312.0
9262948,81121,118167.0,120596.0,37046.0
9262950,81121,118675.0,120802.0,37554.0
9262952,81121,118710.0,120826.0,37589.0
9262951,81121,118704.0,120827.0,37583.0
9262953,81121,118720.0,120833.0,37599.0
9262954,81121,118785.0,120895.0,37664.0
9262955,81121,118854.0,120973.0,37733.0
9262949,81121,118661.0,121067.0,37540.0
9262956,81121,120596.0,122710.0,39475.0
9262957,81121,120802.0,122888.0,39681.0
9262958,81121,120826.0,122925.0,39705.0
9262959,81121,120827.0,122931.0,39706.0
9262960,81121,120833.0,122940.0,39712.0
9262961,81121,120895.0,123013.0,39774.0
9262962,81121,120973.0,123082.0,39852.0
9262963,81121,121067.0,123183.0,39946.0
9262964,81121,122710.0,124821.0,41589.0
9262965,81122,122888.0,124999.0,41766.0
9262967,81122,122931.0,125041.0,41809.0
9262966,81122,122925.0,125046.0,41803.0
9262968,81122,122940.0,125051.0,41818.0
9262969,81122,123013.0,125122.0,41891.0
9262970,81122,123082.0,125185.0,41960.0
9262971,81122,123183.0,125283.0,42061.0
9262972,81122,124821.0,126931.0,43699.0
9262973,81122,124999.0,127097.0,43877.0
9262974,81122,125041.0,127132.0,43919.0
9262975,81122,125046.0,127154.0,43924.0
9262976,81122,125051.0,127170.0,43929.0
9262977,81122,125122.0,127227.0,44000.0
9262978,81122,125185.0,127309.0,44063.0
9262979,81122,125283.0,127380.0,44161.0
9262980,81122,126931.0,129058.0,45809.0
9262981,81122,127097.0,129200.0,45975.0
9262982,81122,127132.0,129260.0,46010.0
9262983,81122,127154.0,129278.0,46032.0
9262984,81122,127170.0,129289.0,46048.0
9262985,81122,127227.0,129333.0,46105.0
9262986,81122,127309.0,129412.0,46187.0
9262987,81122,127380.0,129477.0,46258.0
9262988,81122,129058.0,131172.0,47936.0
9262989,81122,129200.0,131310.0,48078.0
9262990,81122,129260.0,131366.0,48138.0
9262991,81122,129278.0,131386.0,48156.0
9262992,81122,129289.0,131415.0,48167.0
9262993,81122,129333.0,131444.0,48211.0
9262994,81122,129412.0,131518.0,48290.0
9262995,81122,129477.0,131593.0,48355.0
9262996,81122,131172.0,133281.0,50050.0
9262997,81122,131310.0,133421.0,50188.0
9262998,81122,131366.0,133492.0,50244.0
9262999,81122,131386.0,133494.0,50264.0
9263000,81122,131415.0,133523.0,50293.0
9263001,81122,131444.0,133561.0,50322.0
9263002,81122,131518.0,133609.0,50396.0
9263003,81122,131593.0,133703.0,50471.0
9263004,81122,133281.0,135416.0,52159.0
9263005,81122,133421.0,135546.0,52299.0
9263011,82707,135546.0,135549.0,52839.0
9263006,81122,133492.0,135598.0,52370.0
9263007,81122,133494.0,135601.0,52372.0
9263008,81122,133523.0,135641.0,52401.0
9263009,81122,133561.0,135667.0,52439.0
9263010,81122,133609.0,135693.0,52487.0
9263012,83394,135549.0,138602.0,52155.0
