dvfs_mode,state,submission_time,start_time,finish_time,nodes,job_id,terminated
base,active,,0.0,22.0,1,-1.0,
base,active,0.0,0.0,350.0,0,9261334.0,True
base,active,,0.0,421.0,2,-1.0,
base,active,,0.0,506.0,3,-1.0,
base,active,,0.0,509.0,4,-1.0,
base,active,,0.0,512.0,5,-1.0,
base,active,,0.0,597.0,6,-1.0,
base,active,,0.0,624.0,7,-1.0,
base,active,,0.0,650.0,8,-1.0,
base,active,,0.0,909.0,9 10 11 12 13 14 15 16,-1.0,
base,active,,0.0,910.0,17 18 19 20 21 22 23 24,-1.0,
base,active,,0.0,911.0,25 26 27 28 29 30 31 32 33 34 35 36 37 38 39 40 41 42 43 44 45 46 47 48,-1.0,
base,active,,0.0,912.0,49 50 51 52 53 54 55 56 57 58 59 60 61 62 63,-1.0,
base,active,22.0,22.0,372.0,1,9261335.0,True
base,active,,350.0,912.0,0,-1.0,
base,active,,372.0,1000.0,1,-1.0,
base,active,421.0,421.0,422.0,2,9261353.0,False
base,active,,422.0,1000.0,2,-1.0,
base,active,506.0,506.0,548.0,3,9261384.0,False
base,active,509.0,509.0,551.0,4,9261385.0,False
base,active,512.0,512.0,553.0,5,9261386.0,False
base,active,,548.0,1000.0,3,-1.0,
base,active,,551.0,1000.0,4,-1.0,
base,active,,553.0,1000.0,5,-1.0,
base,active,597.0,597.0,947.0,6,9261387.0,True
base,active,624.0,624.0,974.0,7,9261388.0,True
base,active,650.0,650.0,1000.0,8,9261389.0,True
base,active,909.0,909.0,1818.0,9 10 11 12 13 14 15 16,9261390.0,False
base,active,910.0,910.0,1823.0,17 18 19 20 21 22 23 24,9261391.0,False
base,active,911.0,911.0,1819.0,33 34 35 36 37 38 39 40,9261393.0,False
base,active,911.0,911.0,1820.0,41 42 43 44 45 46 47 48,9261394.0,False
base,active,911.0,911.0,1823.0,25 26 27 28 29 30 31 32,9261392.0,False
base,active,912.0,912.0,1823.0,0 57 58 59 60 61 62 63,9261396.0,False
base,active,912.0,912.0,1824.0,49 50 51 52 53 54 55 56,9261395.0,False
base,active,,947.0,1000.0,6,-1.0,
base,active,,974.0,1000.0,7,-1.0,
base,active,913.0,1000.0,1907.0,1 2 3 4 5 6 7 8,9261397.0,False
base,active,913.0,1818.0,2730.0,9 10 11 12 13 14 15 16,9261398.0,False
base,active,913.0,1819.0,2727.0,33 34 35 36 37 38 39 40,9261399.0,False
base,active,914.0,1820.0,2732.0,41 42 43 44 45 46 47 48,9261400.0,False
base,active,914.0,1823.0,2734.0,0 17 18 19 20 21 22 23,9261401.0,False
base,active,914.0,1823.0,2734.0,32 57 58 59 60 61 62 63,9261403.0,False
base,active,914.0,1823.0,2735.0,24 25 26 27 28 29 30 31,9261402.0,False
base,active,914.0,1824.0,2732.0,49 50 51 52 53 54 55 56,9261404.0,False
base,active,914.0,1907.0,2816.0,1 2 3 4 5 6 7 8,9261405.0,False
base,active,1045.0,2727.0,4083.0,37,9261410.0,False
base,active,1048.0,2727.0,4146.0,39,9261412.0,False
base,active,1038.0,2727.0,4147.0,33,9261406.0,False
base,active,1043.0,2727.0,4191.0,36,9261409.0,False
base,active,1041.0,2727.0,4291.0,35,9261408.0,False
base,active,1040.0,2727.0,4335.0,34,9261407.0,False
base,active,1050.0,2727.0,4352.0,40,9261413.0,False
base,active,1046.0,2727.0,4630.0,38,9261411.0,False
base,active,1051.0,2730.0,2731.0,9,9261414.0,False
base,active,1062.0,2730.0,2731.0,10,9261421.0,False
base,active,1069.0,2730.0,3974.0,15,9261426.0,False
base,active,1063.0,2730.0,4092.0,11,9261422.0,False
base,active,1068.0,2730.0,4180.0,14,9261425.0,False
base,active,1065.0,2730.0,4318.0,12,9261423.0,False
base,active,1066.0,2730.0,4319.0,13,9261424.0,False
base,active,1071.0,2730.0,4319.0,16,9261427.0,False
base,active,1074.0,2731.0,4184.0,10,9261429.0,False
base,active,1073.0,2731.0,4321.0,9,9261428.0,False
base,active,1837.0,2732.0,3638.0,41 42 43 44 45 46 47 48,9261430.0,False
base,active,1838.0,2732.0,3641.0,49 50 51 52 53 54 55 56,9261431.0,False
base,active,1839.0,2734.0,3637.0,32 57 58 59 60 61 62 63,9261433.0,False
base,active,1838.0,2734.0,3641.0,0 17 18 19 20 21 22 23,9261432.0,False
base,active,1839.0,2735.0,3640.0,24 25 26 27 28 29 30 31,9261434.0,False
base,active,1840.0,2816.0,3724.0,1 2 3 4 5 6 7 8,9261435.0,False
base,active,1841.0,3637.0,4545.0,32 57 58 59 60 61 62 63,9261436.0,False
base,active,1841.0,3638.0,4546.0,41 42 43 44 45 46 47 48,9261437.0,False
base,active,1841.0,3640.0,4548.0,24 25 26 27 28 29 30 31,9261438.0,False
base,active,1842.0,3641.0,4547.0,0 17 18 19 20 21 22 23,9261439.0,False
base,active,1842.0,3641.0,4549.0,49 50 51 52 53 54 55 56,9261440.0,False
base,active,1842.0,3724.0,4629.0,1 2 3 4 5 6 7 8,9261441.0,False
base,active,,3974.0,4191.0,15,-1.0,
base,active,,4083.0,4191.0,37,-1.0,
base,active,,4092.0,4191.0,11,-1.0,
base,active,,4146.0,4191.0,39,-1.0,
base,active,,4147.0,4191.0,33,-1.0,
base,active,,4180.0,4191.0,14,-1.0,
base,active,,4184.0,4191.0,10,-1.0,
base,active,1842.0,4191.0,5099.0,10 11 14 15 33 36 37 39,9261442.0,False
base,active,2966.0,4291.0,4312.0,35,9261470.0,False
base,active,2968.0,4312.0,4343.0,35,9261471.0,False
base,active,2969.0,4318.0,4346.0,12,9261472.0,False
base,active,2971.0,4319.0,4336.0,13,9261473.0,False
base,active,2972.0,4319.0,4348.0,16,9261474.0,False
base,active,2974.0,4321.0,4350.0,9,9261475.0,False
base,active,2976.0,4335.0,4359.0,34,9261476.0,False
base,active,2977.0,4336.0,4357.0,13,9261477.0,False
base,active,2991.0,4343.0,4364.0,35,9261486.0,False
base,active,2992.0,4346.0,4367.0,12,9261487.0,False
base,active,2994.0,4348.0,4372.0,16,9261488.0,False
base,active,2995.0,4350.0,4382.0,9,9261489.0,False
base,active,2997.0,4352.0,4381.0,40,9261490.0,False
base,active,2998.0,4357.0,4379.0,13,9261491.0,False
base,active,3000.0,4359.0,4382.0,34,9261492.0,False
base,active,3001.0,4364.0,4381.0,35,9261493.0,False
base,active,3049.0,4367.0,4410.0,12,9261494.0,False
base,active,3051.0,4372.0,4414.0,16,9261495.0,False
base,active,3054.0,4379.0,4420.0,13,9261496.0,False
base,active,3140.0,4381.0,4731.0,35,9261497.0,True
base,active,3167.0,4381.0,4731.0,40,9261498.0,True
base,active,3190.0,4382.0,4732.0,9,9261499.0,True
base,active,3559.0,4382.0,6163.0,34,9261500.0,False
base,active,3560.0,4410.0,5801.0,12,9261501.0,False
base,active,3562.0,4414.0,6166.0,16,9261502.0,False
base,active,3563.0,4420.0,6128.0,13,9261503.0,False
base,active,1842.0,4545.0,5451.0,32 57 58 59 60 61 62 63,9261443.0,False
base,active,1842.0,4546.0,4560.0,41 42 43 44 45 46 47 48,9261444.0,False
base,active,1843.0,4547.0,5465.0,0 17 18 19 20 21 22 23,9261445.0,False
base,active,1862.0,4548.0,4565.0,24 25 26 27 28 29 30 31,9261446.0,False
base,active,1932.0,4549.0,15325.0,49 50 51 52 53 54 55 56,9261447.0,False
base,active,1932.0,4560.0,15338.0,41 42 43 44 45 46 47 48,9261448.0,False
base,active,1933.0,4565.0,15341.0,24 25 26 27 28 29 30 31,9261449.0,False
base,active,1933.0,4629.0,15406.0,1 2 3 4 5 6 7 8,9261450.0,False
base,active,3565.0,4630.0,6506.0,38,9261504.0,False
base,active,3566.0,4731.0,6120.0,35,9261505.0,False
base,active,3568.0,4731.0,6124.0,40,9261506.0,False
base,active,3570.0,4732.0,6572.0,9,9261507.0,False
base,active,1938.0,5099.0,15876.0,10 11 14 15 33 36 37 39,9261451.0,False
base,active,1939.0,5451.0,11147.0,32 57 58 59 60 61 62 63,9261452.0,False
base,active,1968.0,5465.0,16242.0,0 17 18 19 20 21 22 23,9261453.0,False
base,active,5451.0,5801.0,5833.0,12,9261558.0,False
base,active,5452.0,5833.0,5869.0,12,9261559.0,False
base,active,5454.0,5869.0,5890.0,12,9261560.0,False
base,active,5455.0,5890.0,5924.0,12,9261561.0,False
base,active,5457.0,5924.0,5946.0,12,9261562.0,False
base,active,5459.0,5946.0,5976.0,12,9261563.0,False
base,active,5529.0,5976.0,6018.0,12,9261582.0,False
base,active,5531.0,6018.0,6060.0,12,9261583.0,False
base,active,5534.0,6060.0,6101.0,12,9261584.0,False
base,active,5618.0,6101.0,6451.0,12,9261601.0,True
base,active,5647.0,6120.0,6470.0,35,9261602.0,True
base,active,5675.0,6124.0,6474.0,40,9261603.0,True
base,active,,6128.0,6572.0,13,-1.0,
base,active,,6163.0,6572.0,34,-1.0,
base,active,,6166.0,6572.0,16,-1.0,
base,active,,6451.0,6572.0,12,-1.0,
base,active,,6470.0,6572.0,35,-1.0,
base,active,,6474.0,6572.0,40,-1.0,
base,active,,6506.0,6572.0,38,-1.0,
base,active,2764.0,6572.0,7490.0,9 12 13 16 34 35 38 40,9261454.0,False
base,active,2765.0,7490.0,8405.0,9 12 13 16 34 35 38 40,9261455.0,False
base,active,2767.0,8405.0,9319.0,9 12 13 16 34 35 38 40,9261456.0,False
base,active,2768.0,9319.0,10232.0,9 12 13 16 34 35 38 40,9261457.0,False
base,active,2768.0,10232.0,11148.0,9 12 13 16 34 35 38 40,9261458.0,False
base,active,2769.0,11147.0,12062.0,32 57 58 59 60 61 62 63,9261459.0,False
base,active,2769.0,11148.0,12065.0,9 12 13 16 34 35 38 40,9261460.0,False
base,active,2769.0,12062.0,12978.0,32 57 58 59 60 61 62 63,9261461.0,False
base,active,2770.0,12065.0,12979.0,9 12 13 16 34 35 38 40,9261462.0,False
base,active,2770.0,12978.0,13896.0,32 57 58 59 60 61 62 63,9261463.0,False
base,active,2771.0,12979.0,13895.0,9 12 13 16 34 35 38 40,9261464.0,False
base,active,2771.0,13895.0,14809.0,9 12 13 16 34 35 38 40,9261465.0,False
base,active,2771.0,13896.0,14808.0,32 57 58 59 60 61 62 63,9261466.0,False
base,active,2771.0,14808.0,15696.0,32 57 58 59 60 61 62 63,9261467.0,False
base,active,2771.0,14809.0,15697.0,9 12 13 16 34 35 38 40,9261468.0,False
base,active,2772.0,15325.0,16234.0,49 50 51 52 53 54 55 56,9261469.0,False
base,active,3582.0,15338.0,15339.0,41,9261515.0,False
base,active,3592.0,15338.0,16434.0,48,9261522.0,False
base,active,3586.0,15338.0,16561.0,44,9261518.0,False
base,active,3590.0,15338.0,16566.0,47,9261521.0,False
base,active,3585.0,15338.0,16776.0,43,9261517.0,False
base,active,3589.0,15338.0,16777.0,46,9261520.0,False
base,active,3583.0,15338.0,16780.0,42,9261516.0,False
base,active,3588.0,15338.0,16781.0,45,9261519.0,False
base,active,3593.0,15339.0,16437.0,41,9261523.0,False
base,active,3699.0,15341.0,16252.0,24 25 26 27 28 29 30 31,9261524.0,False
base,active,3700.0,15406.0,16316.0,1 2 3 4 5 6 7 8,9261525.0,False
base,active,3700.0,15696.0,16607.0,32 57 58 59 60 61 62 63,9261526.0,False
base,active,3701.0,15697.0,16607.0,9 12 13 16 34 35 38 40,9261527.0,False
base,active,3701.0,15876.0,16784.0,10 11 14 15 33 36 37 39,9261528.0,False
base,active,3703.0,16234.0,17143.0,49 50 51 52 53 54 55 56,9261529.0,False
base,active,3703.0,16242.0,17152.0,0 17 18 19 20 21 22 23,9261530.0,False
base,active,3703.0,16252.0,17159.0,24 25 26 27 28 29 30 31,9261531.0,False
base,active,3704.0,16316.0,17224.0,1 2 3 4 5 6 7 8,9261532.0,False
base,active,5460.0,16434.0,16458.0,48,9261564.0,False
base,active,5462.0,16437.0,16469.0,41,9261565.0,False
base,active,5476.0,16458.0,16488.0,48,9261574.0,False
base,active,5477.0,16469.0,16488.0,41,9261575.0,False
base,active,5479.0,16488.0,16507.0,41,9261576.0,False
base,active,5481.0,16488.0,16507.0,48,9261577.0,False
base,active,5483.0,16507.0,16529.0,41,9261578.0,False
base,active,5484.0,16507.0,16529.0,48,9261579.0,False
base,active,5487.0,16529.0,16554.0,48,9261581.0,False
base,active,5486.0,16529.0,16558.0,41,9261580.0,False
base,active,6063.0,16554.0,17983.0,48,9261604.0,False
base,active,6064.0,16558.0,18273.0,41,9261605.0,False
base,active,6066.0,16561.0,17970.0,44,9261606.0,False
base,active,6068.0,16566.0,18254.0,47,9261607.0,False
base,active,3704.0,16607.0,17517.0,9 12 13 16 32 34 35 38,9261533.0,False
base,active,3704.0,16607.0,17517.0,40 57 58 59 60 61 62 63,9261534.0,False
base,active,6069.0,16776.0,18251.0,43,9261608.0,False
base,active,6071.0,16777.0,18582.0,46,9261609.0,False
base,active,6072.0,16780.0,18363.0,42,9261610.0,False
base,active,6074.0,16781.0,18548.0,45,9261611.0,False
base,active,3704.0,16784.0,17694.0,10 11 14 15 33 36 37 39,9261535.0,False
base,active,3704.0,17143.0,18051.0,49 50 51 52 53 54 55 56,9261536.0,False
base,active,3704.0,17152.0,18056.0,0 17 18 19 20 21 22 23,9261537.0,False
base,active,3704.0,17159.0,18065.0,24 25 26 27 28 29 30 31,9261538.0,False
base,active,3705.0,17224.0,18140.0,1 2 3 4 5 6 7 8,9261539.0,False
base,active,4625.0,17517.0,18433.0,9 12 13 16 32 34 35 38,9261540.0,False
base,active,4627.0,17517.0,18433.0,40 57 58 59 60 61 62 63,9261541.0,False
base,active,4627.0,17694.0,18611.0,10 11 14 15 33 36 37 39,9261542.0,False
base,active,7889.0,17970.0,18006.0,44,9261662.0,False
base,active,7890.0,17983.0,18019.0,48,9261663.0,False
base,active,7892.0,18006.0,18027.0,44,9261664.0,False
base,active,7895.0,18019.0,18047.0,48,9261665.0,False
base,active,7896.0,18027.0,18061.0,44,9261666.0,False
base,active,7898.0,18047.0,18074.0,48,9261667.0,False
base,active,4627.0,18051.0,18968.0,49 50 51 52 53 54 55 56,9261543.0,False
base,active,4628.0,18056.0,18972.0,0 17 18 19 20 21 22 23,9261544.0,False
base,active,7899.0,18061.0,18079.0,44,9261668.0,False
base,active,4628.0,18065.0,18978.0,24 25 26 27 28 29 30 31,9261545.0,False
base,active,7951.0,18074.0,18116.0,48,9261685.0,False
base,active,7953.0,18079.0,18122.0,44,9261686.0,False
base,active,7956.0,18116.0,18157.0,48,9261687.0,False
base,active,8037.0,18122.0,18472.0,44,9261688.0,True
base,active,4629.0,18140.0,19056.0,1 2 3 4 5 6 7 8,9261546.0,False
base,active,8061.0,18157.0,18507.0,48,9261689.0,True
base,active,8083.0,18251.0,18601.0,43,9261690.0,True
base,active,8454.0,18254.0,18255.0,47,9261711.0,False
base,active,8456.0,18255.0,18256.0,47,9261712.0,False
base,active,8457.0,18256.0,18257.0,47,9261713.0,False
base,active,8459.0,18257.0,18258.0,47,9261714.0,False
base,active,8462.0,18258.0,18259.0,47,9261716.0,False
base,active,8465.0,18259.0,18260.0,47,9261718.0,False
base,active,8467.0,18260.0,18261.0,47,9261719.0,False
base,active,8566.0,18261.0,18302.0,47,9261755.0,False
base,active,8568.0,18273.0,18316.0,41,9261756.0,False
base,active,8571.0,18302.0,18343.0,47,9261757.0,False
base,active,8656.0,18316.0,18666.0,41,9261758.0,True
base,active,8678.0,18343.0,18693.0,47,9261759.0,True
base,active,8701.0,18363.0,18713.0,42,9261760.0,True
base,active,4630.0,18433.0,19349.0,40 57 58 59 60 61 62 63,9261548.0,False
base,active,4629.0,18433.0,19350.0,9 12 13 16 32 34 35 38,9261547.0,False
base,active,9079.0,18472.0,18474.0,44,9261761.0,False
base,active,9081.0,18474.0,18476.0,44,9261762.0,False
base,active,9106.0,18476.0,18477.0,44,9261778.0,False
base,active,9108.0,18477.0,18478.0,44,9261779.0,False
base,active,9109.0,18478.0,18479.0,44,9261780.0,False
base,active,9185.0,18479.0,18524.0,44,9261809.0,False
base,active,9188.0,18507.0,18548.0,48,9261810.0,False
base,active,9191.0,18524.0,18565.0,44,9261811.0,False
base,active,9277.0,18548.0,18898.0,45,9261812.0,True
base,active,9306.0,18548.0,18898.0,48,9261829.0,True
base,active,9329.0,18565.0,18915.0,44,9261830.0,True
base,active,9723.0,18582.0,20405.0,46,9261831.0,False
base,active,9725.0,18601.0,19963.0,43,9261832.0,False
base,active,4630.0,18611.0,19527.0,10 11 14 15 33 36 37 39,9261549.0,False
base,active,9726.0,18666.0,20570.0,41,9261833.0,False
base,active,9728.0,18693.0,20055.0,47,9261834.0,False
base,active,9729.0,18713.0,20087.0,42,9261835.0,False
base,active,9732.0,18898.0,20722.0,48,9261837.0,False
base,active,9731.0,18898.0,20796.0,45,9261836.0,False
base,active,9734.0,18915.0,20333.0,44,9261838.0,False
base,active,4630.0,18968.0,19884.0,49 50 51 52 53 54 55 56,9261550.0,False
base,active,4630.0,18972.0,19887.0,0 17 18 19 20 21 22 23,9261551.0,False
base,active,4630.0,18978.0,19891.0,24 25 26 27 28 29 30 31,9261552.0,False
base,active,4630.0,19056.0,19971.0,1 2 3 4 5 6 7 8,9261553.0,False
base,active,4631.0,19349.0,20264.0,40 57 58 59 60 61 62 63,9261554.0,False
base,active,4631.0,19350.0,20260.0,9 12 13 16 32 34 35 38,9261555.0,False
base,active,4666.0,19527.0,19544.0,10 11 14 15 33 36 37 39,9261556.0,False
base,active,4669.0,19544.0,19565.0,10 11 14 15 33 36 37 39,9261557.0,False
base,active,5564.0,19565.0,20474.0,10 11 14 15 33 36 37 39,9261585.0,False
base,active,5565.0,19884.0,20795.0,49 50 51 52 53 54 55 56,9261586.0,False
base,active,5566.0,19887.0,20792.0,0 17 18 19 20 21 22 23,9261587.0,False
base,active,5566.0,19891.0,20798.0,24 25 26 27 28 29 30 31,9261588.0,False
base,active,9748.0,19963.0,21672.0,43,9261847.0,False
base,active,5566.0,19971.0,20878.0,1 2 3 4 5 6 7 8,9261589.0,False
base,active,9749.0,20055.0,21780.0,47,9261848.0,False
base,active,9751.0,20087.0,21799.0,42,9261849.0,False
base,active,5567.0,20260.0,21168.0,9 12 13 16 32 34 35 38,9261590.0,False
base,active,5567.0,20264.0,21171.0,40 57 58 59 60 61 62 63,9261591.0,False
base,active,9752.0,20333.0,22058.0,44,9261850.0,False
base,active,9754.0,20405.0,22101.0,46,9261851.0,False
base,active,5568.0,20474.0,21384.0,10 11 14 15 33 36 37 39,9261592.0,False
base,active,9755.0,20570.0,22268.0,41,9261852.0,False
base,active,9757.0,20722.0,22435.0,48,9261853.0,False
base,active,5568.0,20792.0,21698.0,0 17 18 19 20 21 22 23,9261593.0,False
base,active,5568.0,20795.0,21706.0,49 50 51 52 53 54 55 56,9261594.0,False
base,active,9759.0,20796.0,22510.0,45,9261854.0,False
base,active,5569.0,20798.0,21709.0,24 25 26 27 28 29 30 31,9261595.0,False
base,active,5570.0,20878.0,21787.0,1 2 3 4 5 6 7 8,9261596.0,False
base,active,5570.0,21168.0,22079.0,9 12 13 16 32 34 35 38,9261597.0,False
base,active,5570.0,21171.0,22052.0,40 57 58 59 60 61 62 63,9261598.0,False
base,active,5571.0,21384.0,22265.0,10 11 14 15 33 36 37 39,9261599.0,False
base,active,11646.0,21672.0,21705.0,43,9261888.0,False
base,active,5571.0,21698.0,22608.0,0 17 18 19 20 21 22 23,9261600.0,False
base,active,11648.0,21705.0,21732.0,43,9261889.0,False
base,active,6486.0,21706.0,22617.0,49 50 51 52 53 54 55 56,9261628.0,False
base,active,6488.0,21709.0,22619.0,24 25 26 27 28 29 30 31,9261629.0,False
base,active,11650.0,21732.0,21756.0,43,9261890.0,False
base,active,11651.0,21756.0,21780.0,43,9261891.0,False
base,active,11654.0,21780.0,21801.0,47,9261893.0,False
base,active,11653.0,21780.0,21802.0,43,9261892.0,False
base,active,6489.0,21787.0,22697.0,1 2 3 4 5 6 7 8,9261630.0,False
base,active,11656.0,21799.0,21823.0,42,9261894.0,False
base,active,11658.0,21801.0,21818.0,47,9261895.0,False
base,active,11671.0,21802.0,21829.0,43,9261904.0,False
base,active,11673.0,21818.0,21841.0,47,9261905.0,False
base,active,11674.0,21823.0,21847.0,42,9261906.0,False
base,active,11676.0,21829.0,21854.0,43,9261907.0,False
base,active,11677.0,21841.0,21874.0,47,9261908.0,False
base,active,11679.0,21847.0,21882.0,42,9261909.0,False
base,active,11680.0,21854.0,21898.0,43,9261910.0,False
base,active,11682.0,21874.0,21894.0,47,9261911.0,False
base,active,11741.0,21882.0,21925.0,42,9261912.0,False
base,active,11743.0,21894.0,21936.0,47,9261913.0,False
base,active,11746.0,21898.0,21940.0,43,9261914.0,False
base,active,11819.0,21925.0,22275.0,42,9261915.0,True
base,active,11846.0,21936.0,22286.0,47,9261916.0,True
base,active,11870.0,21940.0,22290.0,43,9261917.0,True
base,active,6489.0,22052.0,22961.0,40 57 58 59 60 61 62 63,9261631.0,False
base,active,12378.0,22058.0,22098.0,44,9261982.0,False
base,active,6490.0,22079.0,22988.0,9 12 13 16 32 34 35 38,9261632.0,False
base,active,12381.0,22098.0,22142.0,44,9261983.0,False
base,active,12383.0,22101.0,22142.0,46,9261984.0,False
base,active,12470.0,22142.0,22492.0,44,9261985.0,True
base,active,12495.0,22142.0,22492.0,46,9261986.0,True
base,active,6490.0,22265.0,23171.0,10 11 14 15 33 36 37 39,9261633.0,False
base,active,,22268.0,22510.0,41,-1.0,
base,active,,22275.0,22510.0,42,-1.0,
base,active,,22286.0,22510.0,47,-1.0,
base,active,,22290.0,22510.0,43,-1.0,
base,active,,22435.0,22510.0,48,-1.0,
base,active,,22492.0,22510.0,44 46,-1.0,
base,active,6491.0,22510.0,23420.0,41 42 43 44 45 46 47 48,9261634.0,False
base,active,6491.0,22608.0,23514.0,0 17 18 19 20 21 22 23,9261635.0,False
base,active,6492.0,22617.0,23527.0,49 50 51 52 53 54 55 56,9261636.0,False
base,active,6492.0,22619.0,23527.0,24 25 26 27 28 29 30 31,9261637.0,False
base,active,6492.0,22697.0,23603.0,1 2 3 4 5 6 7 8,9261638.0,False
base,active,6492.0,22961.0,23872.0,40 57 58 59 60 61 62 63,9261639.0,False
base,active,6492.0,22988.0,23897.0,9 12 13 16 32 34 35 38,9261640.0,False
base,active,6492.0,23171.0,24080.0,10 11 14 15 33 36 37 39,9261641.0,False
base,active,6492.0,23420.0,24328.0,41 42 43 44 45 46 47 48,9261642.0,False
base,active,6493.0,23514.0,24427.0,0 17 18 19 20 21 22 23,9261643.0,False
base,active,7425.0,23527.0,24441.0,49 50 51 52 53 54 55 56,9261645.0,False
base,active,7424.0,23527.0,24442.0,24 25 26 27 28 29 30 31,9261644.0,False
base,active,7427.0,23603.0,24517.0,1 2 3 4 5 6 7 8,9261646.0,False
base,active,7427.0,23872.0,24783.0,40 57 58 59 60 61 62 63,9261647.0,False
base,active,7427.0,23897.0,24812.0,9 12 13 16 32 34 35 38,9261648.0,False
base,active,7427.0,24080.0,24990.0,10 11 14 15 33 36 37 39,9261649.0,False
base,active,7428.0,24328.0,25242.0,41 42 43 44 45 46 47 48,9261650.0,False
base,active,7428.0,24427.0,25341.0,0 17 18 19 20 21 22 23,9261651.0,False
base,active,7428.0,24441.0,25354.0,49 50 51 52 53 54 55 56,9261652.0,False
base,active,7428.0,24442.0,25356.0,24 25 26 27 28 29 30 31,9261653.0,False
base,active,7428.0,24517.0,25429.0,1 2 3 4 5 6 7 8,9261654.0,False
base,active,7428.0,24783.0,25698.0,40 57 58 59 60 61 62 63,9261655.0,False
base,active,7428.0,24812.0,25725.0,9 12 13 16 32 34 35 38,9261656.0,False
base,active,7428.0,24990.0,25901.0,10 11 14 15 33 36 37 39,9261657.0,False
base,active,7429.0,25242.0,26155.0,41 42 43 44 45 46 47 48,9261658.0,False
base,active,7429.0,25341.0,26251.0,0 17 18 19 20 21 22 23,9261659.0,False
base,active,7459.0,25354.0,25364.0,49 50 51 52 53 54 55 56,9261660.0,False
base,active,7463.0,25356.0,25366.0,24 25 26 27 28 29 30 31,9261661.0,False
base,active,8347.0,25364.0,26279.0,49 50 51 52 53 54 55 56,9261691.0,False
base,active,8348.0,25366.0,26278.0,24 25 26 27 28 29 30 31,9261692.0,False
base,active,8349.0,25429.0,26337.0,1 2 3 4 5 6 7 8,9261693.0,False
base,active,8349.0,25698.0,26610.0,40 57 58 59 60 61 62 63,9261694.0,False
base,active,8349.0,25725.0,26640.0,9 12 13 16 32 34 35 38,9261695.0,False
base,active,8350.0,25901.0,26811.0,10 11 14 15 33 36 37 39,9261696.0,False
base,active,8351.0,26155.0,27070.0,41 42 43 44 45 46 47 48,9261697.0,False
base,active,8351.0,26251.0,27165.0,0 17 18 19 20 21 22 23,9261698.0,False
base,active,8352.0,26278.0,27187.0,24 25 26 27 28 29 30 31,9261699.0,False
base,active,8352.0,26279.0,27194.0,49 50 51 52 53 54 55 56,9261700.0,False
base,active,8352.0,26337.0,27250.0,1 2 3 4 5 6 7 8,9261701.0,False
base,active,8353.0,26610.0,27523.0,40 57 58 59 60 61 62 63,9261702.0,False
base,active,8353.0,26640.0,27553.0,9 12 13 16 32 34 35 38,9261703.0,False
base,active,8353.0,26811.0,27697.0,10 11 14 15 33 36 37 39,9261704.0,False
base,active,8354.0,27070.0,27956.0,41 42 43 44 45 46 47 48,9261705.0,False
base,active,8354.0,27165.0,28078.0,0 17 18 19 20 21 22 23,9261706.0,False
base,active,9278.0,27187.0,28100.0,24 25 26 27 28 29 30 31,9261813.0,False
base,active,9278.0,27194.0,28105.0,49 50 51 52 53 54 55 56,9261814.0,False
base,active,9278.0,27250.0,28163.0,1 2 3 4 5 6 7 8,9261815.0,False
base,active,9280.0,27523.0,28435.0,40 57 58 59 60 61 62 63,9261816.0,False
base,active,9280.0,27553.0,28464.0,9 12 13 16 32 34 35 38,9261817.0,False
base,active,9281.0,27697.0,28606.0,10 11 14 15 33 36 37 39,9261818.0,False
base,active,9281.0,27956.0,28868.0,41 42 43 44 45 46 47 48,9261819.0,False
base,active,9281.0,28078.0,28990.0,0 17 18 19 20 21 22 23,9261820.0,False
base,active,9281.0,28100.0,29013.0,24 25 26 27 28 29 30 31,9261821.0,False
base,active,9281.0,28105.0,29016.0,49 50 51 52 53 54 55 56,9261822.0,False
base,active,9282.0,28163.0,29070.0,1 2 3 4 5 6 7 8,9261823.0,False
base,active,9282.0,28435.0,29347.0,40 57 58 59 60 61 62 63,9261824.0,False
base,active,9282.0,28464.0,29373.0,9 12 13 16 32 34 35 38,9261825.0,False
base,active,9282.0,28606.0,29515.0,10 11 14 15 33 36 37 39,9261826.0,False
base,active,9283.0,28868.0,29776.0,41 42 43 44 45 46 47 48,9261827.0,False
base,active,9283.0,28990.0,29990.0,0 17 18 19 20 21 22 23,9261828.0,False
base,active,10212.0,29013.0,30012.0,24 25 26 27 28 29 30 31,9261855.0,False
base,active,10212.0,29016.0,30015.0,49 50 51 52 53 54 55 56,9261856.0,False
base,active,10213.0,29070.0,30070.0,1 2 3 4 5 6 7 8,9261857.0,False
base,active,10214.0,29347.0,30346.0,40 57 58 59 60 61 62 63,9261858.0,False
base,active,10215.0,29373.0,30369.0,9 12 13 16 32 34 35 38,9261859.0,False
base,active,10215.0,29515.0,30513.0,10 11 14 15 33 36 37 39,9261860.0,False
base,active,10215.0,29776.0,30775.0,41 42 43 44 45 46 47 48,9261861.0,False
base,active,10215.0,29990.0,30988.0,0 17 18 19 20 21 22 23,9261862.0,False
base,active,10216.0,30012.0,31009.0,24 25 26 27 28 29 30 31,9261863.0,False
base,active,10216.0,30015.0,31011.0,49 50 51 52 53 54 55 56,9261864.0,False
base,active,10216.0,30070.0,31065.0,1 2 3 4 5 6 7 8,9261865.0,False
base,active,10216.0,30346.0,31345.0,40 57 58 59 60 61 62 63,9261866.0,False
base,active,10216.0,30369.0,31367.0,9 12 13 16 32 34 35 38,9261867.0,False
base,active,10216.0,30513.0,31512.0,10 11 14 15 33 36 37 39,9261868.0,False
base,active,10216.0,30775.0,31770.0,41 42 43 44 45 46 47 48,9261869.0,False
base,active,10217.0,30988.0,31899.0,0 17 18 19 20 21 22 23,9261870.0,False
base,active,10242.0,31009.0,31921.0,24 25 26 27 28 29 30 31,9261871.0,False
base,active,11140.0,31011.0,31923.0,49 50 51 52 53 54 55 56,9261872.0,False
base,active,11141.0,31065.0,31977.0,1 2 3 4 5 6 7 8,9261873.0,False
base,active,11142.0,31345.0,32256.0,40 57 58 59 60 61 62 63,9261874.0,False
base,active,11142.0,31367.0,32277.0,9 12 13 16 32 34 35 38,9261875.0,False
base,active,11144.0,31512.0,32420.0,10 11 14 15 33 36 37 39,9261876.0,False
base,active,11144.0,31770.0,32681.0,41 42 43 44 45 46 47 48,9261877.0,False
base,active,11145.0,31899.0,32807.0,0 17 18 19 20 21 22 23,9261878.0,False
base,active,11145.0,31921.0,32831.0,24 25 26 27 28 29 30 31,9261879.0,False
base,active,11145.0,31923.0,32833.0,49 50 51 52 53 54 55 56,9261880.0,False
base,active,11146.0,31977.0,32884.0,1 2 3 4 5 6 7 8,9261881.0,False
base,active,11146.0,32256.0,33168.0,40 57 58 59 60 61 62 63,9261882.0,False
base,active,11147.0,32277.0,33188.0,9 12 13 16 32 34 35 38,9261883.0,False
base,active,11147.0,32420.0,33331.0,10 11 14 15 33 36 37 39,9261884.0,False
base,active,11147.0,32681.0,33590.0,41 42 43 44 45 46 47 48,9261885.0,False
base,active,11148.0,32807.0,33727.0,0 17 18 19 20 21 22 23,9261886.0,False
base,active,11149.0,32831.0,33751.0,24 25 26 27 28 29 30 31,9261887.0,False
base,active,12069.0,32833.0,33753.0,49 50 51 52 53 54 55 56,9261918.0,False
base,active,12070.0,32884.0,33804.0,1 2 3 4 5 6 7 8,9261919.0,False
base,active,12071.0,33168.0,34085.0,40 57 58 59 60 61 62 63,9261920.0,False
base,active,12071.0,33188.0,34104.0,9 12 13 16 32 34 35 38,9261921.0,False
base,active,12071.0,33331.0,34250.0,10 11 14 15 33 36 37 39,9261922.0,False
base,active,12073.0,33590.0,34509.0,41 42 43 44 45 46 47 48,9261923.0,False
base,active,12073.0,33727.0,34645.0,0 17 18 19 20 21 22 23,9261924.0,False
base,active,12073.0,33751.0,34670.0,24 25 26 27 28 29 30 31,9261925.0,False
base,active,12074.0,33753.0,34671.0,49 50 51 52 53 54 55 56,9261926.0,False
base,active,12074.0,33804.0,34720.0,1 2 3 4 5 6 7 8,9261927.0,False
base,active,12074.0,34085.0,35004.0,40 57 58 59 60 61 62 63,9261928.0,False
base,active,12074.0,34104.0,35019.0,9 12 13 16 32 34 35 38,9261929.0,False
base,active,12074.0,34250.0,35167.0,10 11 14 15 33 36 37 39,9261930.0,False
base,active,12075.0,34509.0,35425.0,41 42 43 44 45 46 47 48,9261931.0,False
base,active,12075.0,34645.0,36372.0,0 17 18 19 20 21 22 23,9261932.0,False
base,active,12075.0,34670.0,36354.0,24 25 26 27 28 29 30 31,9261933.0,False
base,active,12518.0,34671.0,35021.0,49,9261987.0,True
base,active,12919.0,34671.0,36052.0,50,9261988.0,False
base,active,12928.0,34671.0,36067.0,56,9261994.0,False
base,active,12922.0,34671.0,36086.0,52,9261990.0,False
base,active,12925.0,34671.0,36180.0,54,9261992.0,False
base,active,12927.0,34671.0,36312.0,55,9261993.0,False
base,active,12924.0,34671.0,36384.0,53,9261991.0,False
base,active,12921.0,34671.0,36528.0,51,9261989.0,False
base,active,12952.0,34720.0,35953.0,7,9262009.0,False
base,active,12948.0,34720.0,36062.0,5,9262007.0,False
base,active,12953.0,34720.0,36145.0,8,9262010.0,False
base,active,12947.0,34720.0,36150.0,4,9262006.0,False
base,active,12950.0,34720.0,36151.0,6,9262008.0,False
base,active,12930.0,34720.0,36647.0,1,9261995.0,False
base,active,12944.0,34720.0,36671.0,2,9262004.0,False
base,active,12945.0,34720.0,36671.0,3,9262005.0,False
base,active,14921.0,35004.0,35025.0,59,9262046.0,False
base,active,14918.0,35004.0,35028.0,57,9262044.0,False
base,active,14924.0,35004.0,35030.0,61,9262048.0,False
base,active,14927.0,35004.0,35032.0,63,9262050.0,False
base,active,14926.0,35004.0,35034.0,62,9262049.0,False
base,active,14923.0,35004.0,35038.0,60,9262047.0,False
base,active,14920.0,35004.0,35045.0,58,9262045.0,False
base,active,12955.0,35004.0,36322.0,40,9262011.0,False
base,active,13087.0,35019.0,36793.0,9 12 13 16 32 34 35 38,9262012.0,False
base,active,,35021.0,35045.0,49,-1.0,
base,active,,35025.0,35045.0,59,-1.0,
base,active,,35028.0,35045.0,57,-1.0,
base,active,,35030.0,35045.0,61,-1.0,
base,active,,35032.0,35045.0,63,-1.0,
base,active,,35034.0,35045.0,62,-1.0,
base,active,,35038.0,35045.0,60,-1.0,
base,active,13087.0,35045.0,36732.0,49 57 58 59 60 61 62 63,9262013.0,False
base,active,13088.0,35167.0,36981.0,10 11 14 15 33 36 37 39,9262014.0,False
base,active,13088.0,35425.0,37233.0,41 42 43 44 45 46 47 48,9262015.0,False
base,active,,35953.0,36151.0,7,-1.0,
base,active,,36052.0,36151.0,50,-1.0,
base,active,,36062.0,36151.0,5,-1.0,
base,active,,36067.0,36151.0,56,-1.0,
base,active,,36086.0,36151.0,52,-1.0,
base,active,,36145.0,36151.0,8,-1.0,
base,active,,36150.0,36151.0,4,-1.0,
base,active,13089.0,36151.0,37960.0,4 5 6 7 8 50 52 56,9262016.0,False
base,active,14929.0,36180.0,36198.0,54,9262051.0,False
base,active,14943.0,36198.0,36222.0,54,9262060.0,False
base,active,14945.0,36222.0,36230.0,54,9262061.0,False
base,active,14947.0,36230.0,36255.0,54,9262062.0,False
base,active,14948.0,36255.0,36270.0,54,9262063.0,False
base,active,14950.0,36270.0,36294.0,54,9262064.0,False
base,active,14951.0,36294.0,36324.0,54,9262065.0,False
base,active,14953.0,36312.0,36338.0,55,9262066.0,False
base,active,14954.0,36322.0,36339.0,40,9262067.0,False
base,active,15013.0,36324.0,36365.0,54,9262075.0,False
base,active,15016.0,36338.0,36381.0,55,9262076.0,False
base,active,15019.0,36339.0,36380.0,40,9262077.0,False
base,active,13090.0,36354.0,38160.0,24 25 26 27 28 29 30 31,9262017.0,False
base,active,15102.0,36365.0,36715.0,54,9262078.0,True
base,active,13090.0,36372.0,38160.0,0 17 18 19 20 21 22 23,9262018.0,False
base,active,,36380.0,36715.0,40,-1.0,
base,active,,36381.0,36715.0,55,-1.0,
base,active,,36384.0,36715.0,53,-1.0,
base,active,,36528.0,36715.0,51,-1.0,
base,active,,36647.0,36715.0,1,-1.0,
base,active,,36671.0,36715.0,2 3,-1.0,
base,active,13090.0,36715.0,38488.0,1 2 3 40 51 53 54 55,9262019.0,False
base,active,13091.0,36732.0,38525.0,49 57 58 59 60 61 62 63,9262020.0,False
base,active,13091.0,36793.0,38593.0,9 12 13 16 32 34 35 38,9262021.0,False
base,active,13091.0,36981.0,38778.0,10 11 14 15 33 36 37 39,9262022.0,False
base,active,13091.0,37233.0,39032.0,41 42 43 44 45 46 47 48,9262023.0,False
base,active,13091.0,37960.0,39753.0,4 5 6 7 8 50 52 56,9262024.0,False
base,active,13091.0,38160.0,39971.0,0 17 18 19 20 21 22 23,9262025.0,False
base,active,13091.0,38160.0,40061.0,24 25 26 27 28 29 30 31,9262026.0,False
base,active,13092.0,38488.0,40384.0,1 2 3 40 51 53 54 55,9262027.0,False
base,active,14021.0,38525.0,40421.0,49 57 58 59 60 61 62 63,9262028.0,False
base,active,14023.0,38593.0,40494.0,9 12 13 16 32 34 35 38,9262029.0,False
base,active,14023.0,38778.0,40677.0,10 11 14 15 33 36 37 39,9262030.0,False
base,active,14024.0,39032.0,40933.0,41 42 43 44 45 46 47 48,9262031.0,False
base,active,14025.0,39753.0,41649.0,4 5 6 7 8 50 52 56,9262032.0,False
base,active,14025.0,39971.0,41869.0,0 17 18 19 20 21 22 23,9262033.0,False
base,active,14025.0,40061.0,41957.0,24 25 26 27 28 29 30 31,9262034.0,False
base,active,14026.0,40384.0,42281.0,1 2 3 40 51 53 54 55,9262035.0,False
base,active,14026.0,40421.0,42300.0,49 57 58 59 60 61 62 63,9262036.0,False
base,active,14026.0,40494.0,42374.0,9 12 13 16 32 34 35 38,9262037.0,False
base,active,14026.0,40677.0,42551.0,10 11 14 15 33 36 37 39,9262038.0,False
base,active,14026.0,40933.0,42814.0,41 42 43 44 45 46 47 48,9262039.0,False
base,active,14027.0,41649.0,43526.0,4 5 6 7 8 50 52 56,9262040.0,False
base,active,14027.0,41869.0,43747.0,0 17 18 19 20 21 22 23,9262041.0,False
base,active,14027.0,41957.0,43837.0,24 25 26 27 28 29 30 31,9262042.0,False
base,active,14027.0,42281.0,44161.0,1 2 3 40 51 53 54 55,9262043.0,False
base,active,14961.0,42300.0,44178.0,49 57 58 59 60 61 62 63,9262068.0,False
base,active,14962.0,42374.0,44254.0,9 12 13 16 32 34 35 38,9262069.0,False
base,active,14964.0,42551.0,43921.0,10 11 14 15 33 36 37 39,9262070.0,False
base,active,14964.0,42814.0,44182.0,41 42 43 44 45 46 47 48,9262071.0,False
base,active,14965.0,43526.0,44898.0,4 5 6 7 8 50 52 56,9262072.0,False
base,active,14965.0,43747.0,45113.0,0 17 18 19 20 21 22 23,9262073.0,False
base,active,14965.0,43837.0,45214.0,24 25 26 27 28 29 30 31,9262074.0,False
base,active,15541.0,43921.0,43922.0,14,9262098.0,False
base,active,15542.0,43921.0,43922.0,15,9262099.0,False
base,active,15544.0,43921.0,43922.0,33,9262100.0,False
base,active,15640.0,43921.0,43962.0,39,9262131.0,False
base,active,15635.0,43921.0,43963.0,36,9262129.0,False
base,active,15638.0,43921.0,43964.0,37,9262130.0,False
base,active,15127.0,43921.0,44271.0,10,9262079.0,True
base,active,15153.0,43921.0,44271.0,11,9262080.0,True
base,active,15724.0,43922.0,44272.0,14,9262132.0,True
base,active,15751.0,43922.0,44272.0,15,9262133.0,True
base,active,15775.0,43922.0,44272.0,33,9262134.0,True
base,active,16166.0,43962.0,43963.0,39,9262141.0,False
base,active,16167.0,43963.0,43964.0,36,9262142.0,False
base,active,16169.0,43963.0,45342.0,39,9262143.0,False
base,active,16173.0,43964.0,45382.0,37,9262145.0,False
base,active,16171.0,43964.0,45804.0,36,9262144.0,False
base,active,16182.0,44161.0,44162.0,53,9262151.0,False
base,active,16183.0,44161.0,44162.0,54,9262152.0,False
base,active,16190.0,44161.0,44162.0,55,9262157.0,False
base,active,16177.0,44161.0,45582.0,3,9262148.0,False
base,active,16179.0,44161.0,45706.0,40,9262149.0,False
base,active,16176.0,44161.0,45861.0,2,9262147.0,False
base,active,16174.0,44161.0,45916.0,1,9262146.0,False
base,active,16180.0,44161.0,46288.0,51,9262150.0,False
base,active,16192.0,44162.0,44163.0,53,9262158.0,False
base,active,18330.0,44162.0,44181.0,55,9262173.0,False
base,active,18329.0,44162.0,44195.0,54,9262172.0,False
base,active,18332.0,44163.0,44193.0,53,9262174.0,False
base,active,16619.0,44178.0,45157.0,49 57 58 59 60 61 62 63,9262159.0,False
base,active,18334.0,44181.0,44213.0,55,9262175.0,False
base,active,17678.0,44182.0,44775.0,41 42 43 44 45 46 47 48,9262160.0,False
base,active,18335.0,44193.0,44211.0,53,9262176.0,False
base,active,18337.0,44195.0,44222.0,54,9262177.0,False
base,active,18338.0,44211.0,44243.0,53,9262178.0,False
base,active,18340.0,44213.0,44237.0,55,9262179.0,False
base,active,18395.0,44222.0,44265.0,54,9262188.0,False
base,active,18397.0,44237.0,44279.0,55,9262189.0,False
base,active,18400.0,44243.0,44284.0,53,9262190.0,False
base,active,17678.0,44254.0,44834.0,9 12 13 16 32 34 35 38,9262161.0,False
base,active,,44265.0,44284.0,54,-1.0,
base,active,,44271.0,44284.0,10 11,-1.0,
base,active,,44272.0,44284.0,14 15 33,-1.0,
base,active,,44279.0,44284.0,55,-1.0,
base,active,17678.0,44284.0,44862.0,10 11 14 15 33 53 54 55,9262162.0,False
base,active,18936.0,44775.0,44776.0,44,9262196.0,False
base,active,18489.0,44775.0,45125.0,41,9262191.0,True
base,active,18515.0,44775.0,45125.0,42,9262192.0,True
base,active,18541.0,44775.0,45125.0,43,9262193.0,True
base,active,18958.0,44775.0,46141.0,45,9262210.0,False
base,active,18961.0,44775.0,46188.0,47,9262212.0,False
base,active,18960.0,44775.0,46366.0,46,9262211.0,False
base,active,18963.0,44775.0,46687.0,48,9262213.0,False
base,active,18964.0,44776.0,46688.0,44,9262214.0,False
base,active,20925.0,44834.0,44853.0,35,9262237.0,False
base,active,20926.0,44834.0,44854.0,38,9262238.0,False
base,active,20922.0,44834.0,44858.0,32,9262235.0,False
base,active,20920.0,44834.0,44861.0,16,9262234.0,False
base,active,20923.0,44834.0,44861.0,34,9262236.0,False
base,active,18969.0,44834.0,46178.0,13,9262217.0,False
base,active,18967.0,44834.0,46362.0,12,9262216.0,False
base,active,18966.0,44834.0,46633.0,9,9262215.0,False
base,active,20928.0,44853.0,44883.0,35,9262239.0,False
base,active,20929.0,44854.0,44872.0,38,9262240.0,False
base,active,20931.0,44858.0,44891.0,32,9262241.0,False
base,active,21001.0,44861.0,44903.0,34,9262243.0,False
base,active,20998.0,44861.0,44904.0,16,9262242.0,False
base,active,21526.0,44862.0,44863.0,33,9262256.0,False
base,active,21533.0,44862.0,44863.0,53,9262260.0,False
base,active,21542.0,44862.0,44863.0,54,9262266.0,False
base,active,21543.0,44862.0,44863.0,55,9262267.0,False
base,active,21004.0,44862.0,44903.0,10,9262244.0,False
base,active,21088.0,44862.0,45212.0,11,9262245.0,True
base,active,21115.0,44862.0,45212.0,14,9262246.0,True
base,active,21140.0,44862.0,45212.0,15,9262247.0,True
base,active,21653.0,44863.0,44904.0,54,9262298.0,False
base,active,21647.0,44863.0,44905.0,33,9262296.0,False
base,active,21650.0,44863.0,44906.0,53,9262297.0,False
base,active,21737.0,44863.0,45213.0,55,9262299.0,True
base,active,21760.0,44872.0,45222.0,38,9262300.0,True
base,active,21785.0,44883.0,45233.0,35,9262301.0,True
base,active,22168.0,44891.0,46814.0,32,9262302.0,False
base,active,22181.0,44898.0,44899.0,56,9262310.0,False
base,active,22169.0,44898.0,46277.0,4,9262303.0,False
base,active,22174.0,44898.0,46305.0,7,9262306.0,False
base,active,22177.0,44898.0,46314.0,50,9262308.0,False
base,active,22176.0,44898.0,46689.0,8,9262307.0,False
base,active,22179.0,44898.0,46763.0,52,9262309.0,False
base,active,22172.0,44898.0,46795.0,6,9262305.0,False
base,active,22171.0,44898.0,46834.0,5,9262304.0,False
base,active,22182.0,44899.0,44900.0,56,9262311.0,False
base,active,22190.0,44900.0,44901.0,56,9262316.0,False
base,active,22191.0,44901.0,44902.0,56,9262317.0,False
base,active,22193.0,44902.0,46692.0,56,9262318.0,False
base,active,22196.0,44903.0,45914.0,34,9262320.0,False
base,active,22195.0,44903.0,46410.0,10,9262319.0,False
base,active,22198.0,44904.0,46233.0,16,9262321.0,False
base,active,22199.0,44904.0,46704.0,54,9262322.0,False
base,active,22201.0,44905.0,46588.0,33,9262323.0,False
base,active,22202.0,44906.0,46295.0,53,9262324.0,False
base,active,24142.0,45113.0,45129.0,18,9262327.0,False
base,active,24146.0,45113.0,45130.0,20,9262329.0,False
base,active,24149.0,45113.0,45137.0,22,9262331.0,False
base,active,24150.0,45113.0,45138.0,23,9262332.0,False
base,active,24144.0,45113.0,45140.0,19,9262328.0,False
base,active,24140.0,45113.0,45141.0,17,9262326.0,False
base,active,24147.0,45113.0,45143.0,21,9262330.0,False
base,active,22203.0,45113.0,46434.0,0,9262325.0,False
base,active,24152.0,45125.0,45140.0,41,9262333.0,False
base,active,24168.0,45125.0,45146.0,43,9262343.0,False
base,active,24166.0,45125.0,45158.0,42,9262342.0,False
base,active,24169.0,45129.0,45159.0,18,9262344.0,False
base,active,24171.0,45130.0,45166.0,20,9262345.0,False
base,active,24172.0,45137.0,45162.0,22,9262346.0,False
base,active,24174.0,45138.0,45145.0,23,9262347.0,False
base,active,24177.0,45140.0,45158.0,41,9262349.0,False
base,active,24175.0,45140.0,45177.0,19,9262348.0,False
base,active,24227.0,45141.0,45181.0,17,9262350.0,False
base,active,24230.0,45143.0,45183.0,21,9262351.0,False
base,active,24232.0,45145.0,45186.0,23,9262352.0,False
base,active,24315.0,45146.0,45496.0,43,9262353.0,True
base,active,24795.0,45157.0,45158.0,58,9262363.0,False
base,active,24800.0,45157.0,45158.0,59,9262366.0,False
base,active,24801.0,45157.0,45158.0,60,9262367.0,False
base,active,24908.0,45157.0,45198.0,63,9262406.0,False
base,active,24902.0,45157.0,45199.0,61,9262404.0,False
base,active,24905.0,45157.0,45203.0,62,9262405.0,False
base,active,24344.0,45157.0,45507.0,49,9262354.0,True
base,active,24370.0,45157.0,45507.0,57,9262355.0,True
base,active,25470.0,45158.0,45159.0,59,9262425.0,False
base,active,24998.0,45158.0,45508.0,41,9262407.0,True
base,active,25025.0,45158.0,45508.0,42,9262408.0,True
base,active,25050.0,45158.0,45508.0,58,9262409.0,True
base,active,25471.0,45158.0,46490.0,60,9262426.0,False
base,active,25473.0,45159.0,46531.0,18,9262427.0,False
base,active,25474.0,45159.0,46835.0,59,9262428.0,False
base,active,25476.0,45162.0,46974.0,22,9262429.0,False
base,active,25477.0,45166.0,46592.0,20,9262430.0,False
base,active,25479.0,45177.0,46496.0,19,9262431.0,False
base,active,25480.0,45181.0,47000.0,17,9262432.0,False
base,active,25482.0,45183.0,46199.0,21,9262433.0,False
base,active,27334.0,45186.0,45216.0,23,9262450.0,False
base,active,27336.0,45198.0,45225.0,63,9262451.0,False
base,active,27337.0,45199.0,45217.0,61,9262452.0,False
base,active,27339.0,45203.0,45222.0,62,9262453.0,False
base,active,27341.0,45212.0,45230.0,14,9262455.0,False
base,active,27343.0,45212.0,45235.0,15,9262456.0,False
base,active,27340.0,45212.0,45238.0,11,9262454.0,False
base,active,27344.0,45213.0,45240.0,55,9262457.0,False
base,active,27414.0,45214.0,45255.0,26,9262460.0,False
base,active,27409.0,45214.0,45256.0,24,9262458.0,False
base,active,27412.0,45214.0,45261.0,25,9262459.0,False
base,active,27508.0,45214.0,45564.0,27,9262461.0,True
base,active,27534.0,45214.0,45564.0,28,9262462.0,True
base,active,27557.0,45214.0,45564.0,29,9262463.0,True
base,active,27948.0,45214.0,47188.0,30,9262464.0,False
base,active,27950.0,45214.0,47191.0,31,9262465.0,False
base,active,27951.0,45216.0,47141.0,23,9262466.0,False
base,active,27953.0,45217.0,46599.0,61,9262467.0,False
base,active,27956.0,45222.0,46627.0,62,9262469.0,False
base,active,27955.0,45222.0,47092.0,38,9262468.0,False
base,active,27958.0,45225.0,47301.0,63,9262470.0,False
base,active,27960.0,45230.0,47307.0,14,9262471.0,False
base,active,27974.0,45233.0,46635.0,35,9262480.0,False
base,active,27976.0,45235.0,47154.0,15,9262481.0,False
base,active,27977.0,45238.0,47046.0,11,9262482.0,False
base,active,27979.0,45240.0,46558.0,55,9262483.0,False
base,active,27980.0,45255.0,46423.0,26,9262484.0,False
base,active,27982.0,45256.0,46396.0,24,9262485.0,False
base,active,27983.0,45261.0,46431.0,25,9262486.0,False
base,active,27985.0,45342.0,46482.0,39,9262487.0,False
base,active,30048.0,45382.0,45409.0,37,9262488.0,False
base,active,30050.0,45409.0,45430.0,37,9262489.0,False
base,active,30051.0,45430.0,45456.0,37,9262490.0,False
base,active,30053.0,45456.0,45479.0,37,9262491.0,False
base,active,30054.0,45479.0,45506.0,37,9262492.0,False
base,active,30056.0,45496.0,45522.0,43,9262493.0,False
base,active,30058.0,45506.0,45517.0,37,9262494.0,False
base,active,30059.0,45507.0,45522.0,49,9262495.0,False
base,active,30073.0,45507.0,45540.0,57,9262504.0,False
base,active,30075.0,45508.0,45525.0,41,9262505.0,False
base,active,30077.0,45508.0,45529.0,42,9262506.0,False
base,active,30078.0,45508.0,45543.0,58,9262507.0,False
base,active,30080.0,45517.0,45541.0,37,9262508.0,False
base,active,30083.0,45522.0,45555.0,49,9262510.0,False
base,active,30081.0,45522.0,45557.0,43,9262509.0,False
base,active,30084.0,45525.0,45546.0,41,9262511.0,False
base,active,30146.0,45529.0,45571.0,42,9262512.0,False
base,active,30148.0,45540.0,45581.0,57,9262513.0,False
base,active,30151.0,45541.0,45582.0,37,9262514.0,False
base,active,30234.0,45543.0,45893.0,58,9262515.0,True
base,active,30259.0,45546.0,45896.0,41,9262516.0,True
base,active,30282.0,45555.0,45905.0,49,9262517.0,True
base,active,30673.0,45557.0,46961.0,43,9262518.0,False
base,active,30728.0,45564.0,46967.0,28,9262520.0,False
base,active,30730.0,45564.0,47436.0,29,9262521.0,False
base,active,30702.0,45564.0,47477.0,27,9262519.0,False
base,active,30737.0,45571.0,47085.0,42,9262522.0,False
base,active,30748.0,45581.0,47395.0,57,9262523.0,False
base,active,30751.0,45582.0,46996.0,37,9262525.0,False
base,active,30749.0,45582.0,47370.0,3,9262524.0,False
base,active,30764.0,45706.0,45707.0,40,9262533.0,False
base,active,30766.0,45707.0,47083.0,40,9262534.0,False
base,active,30767.0,45804.0,47148.0,36,9262535.0,False
base,active,30768.0,45861.0,47707.0,2,9262536.0,False
base,active,30770.0,45893.0,47068.0,58,9262537.0,False
base,active,30772.0,45896.0,47257.0,41,9262538.0,False
base,active,30773.0,45905.0,47166.0,49,9262539.0,False
base,active,30775.0,45914.0,47092.0,34,9262540.0,False
base,active,30777.0,45916.0,47227.0,1,9262541.0,False
base,active,32643.0,46141.0,46162.0,45,9262542.0,False
base,active,32644.0,46162.0,46196.0,45,9262543.0,False
base,active,32646.0,46178.0,46205.0,13,9262544.0,False
base,active,32648.0,46188.0,46204.0,47,9262545.0,False
base,active,32649.0,46196.0,46220.0,45,9262546.0,False
base,active,32651.0,46199.0,46217.0,21,9262547.0,False
base,active,32652.0,46204.0,46220.0,47,9262548.0,False
base,active,32654.0,46205.0,46223.0,13,9262549.0,False
base,active,32668.0,46217.0,46247.0,21,9262558.0,False
base,active,32672.0,46220.0,46247.0,47,9262560.0,False
base,active,32671.0,46220.0,46254.0,45,9262559.0,False
base,active,32674.0,46223.0,46241.0,13,9262561.0,False
base,active,32675.0,46233.0,46254.0,16,9262562.0,False
base,active,32677.0,46241.0,46268.0,13,9262563.0,False
base,active,32680.0,46247.0,46274.0,47,9262565.0,False
base,active,32678.0,46247.0,46290.0,21,9262564.0,False
base,active,32758.0,46254.0,46296.0,16,9262566.0,False
base,active,32760.0,46254.0,46297.0,45,9262567.0,False
base,active,32763.0,46268.0,46310.0,13,9262568.0,False
base,active,32836.0,46274.0,46624.0,47,9262569.0,True
base,active,32862.0,46277.0,46627.0,4,9262570.0,True
base,active,32886.0,46288.0,46638.0,51,9262571.0,True
base,active,33264.0,46290.0,48198.0,21,9262572.0,False
base,active,33266.0,46295.0,48208.0,53,9262573.0,False
base,active,33267.0,46296.0,48160.0,16,9262574.0,False
base,active,33269.0,46297.0,47786.0,45,9262575.0,False
base,active,33271.0,46305.0,47711.0,7,9262576.0,False
base,active,33272.0,46310.0,48073.0,13,9262577.0,False
base,active,33274.0,46314.0,47750.0,50,9262578.0,False
base,active,33276.0,46362.0,48020.0,12,9262579.0,False
base,active,33290.0,46366.0,48221.0,46,9262588.0,False
base,active,33291.0,46396.0,48247.0,24,9262589.0,False
base,active,33293.0,46410.0,47508.0,10,9262590.0,False
base,active,33295.0,46423.0,47521.0,26,9262591.0,False
base,active,33296.0,46431.0,47798.0,25,9262592.0,False
base,active,33298.0,46434.0,48295.0,0,9262593.0,False
base,active,33299.0,46482.0,48257.0,39,9262594.0,False
base,active,33301.0,46490.0,47868.0,60,9262595.0,False
base,active,35216.0,46496.0,46520.0,19,9262596.0,False
base,active,35218.0,46520.0,46566.0,19,9262597.0,False
base,active,35220.0,46531.0,46569.0,18,9262598.0,False
base,active,35221.0,46558.0,46583.0,55,9262599.0,False
base,active,35223.0,46566.0,46593.0,19,9262600.0,False
base,active,35225.0,46569.0,46607.0,18,9262601.0,False
base,active,35227.0,46583.0,46618.0,55,9262602.0,False
base,active,35228.0,46588.0,46604.0,33,9262603.0,False
base,active,35242.0,46592.0,46619.0,20,9262612.0,False
base,active,35244.0,46593.0,46626.0,19,9262613.0,False
base,active,35245.0,46599.0,46624.0,61,9262614.0,False
base,active,35246.0,46604.0,46618.0,33,9262615.0,False
base,active,35248.0,46607.0,46628.0,18,9262616.0,False
base,active,35249.0,46618.0,46642.0,33,9262617.0,False
base,active,35251.0,46618.0,46652.0,55,9262618.0,False
base,active,35253.0,46619.0,46653.0,20,9262619.0,False
base,active,,46624.0,48424.0,47 61,-1.0,
base,active,,46626.0,48426.0,19,-1.0,
base,active,,46627.0,48427.0,4 62,-1.0,
base,active,,46628.0,48428.0,18,-1.0,
base,active,,46633.0,48433.0,9,-1.0,
base,active,,46635.0,48435.0,35,-1.0,
base,active,,46638.0,48438.0,51,-1.0,
base,active,,46642.0,48442.0,33,-1.0,
base,active,,46652.0,48452.0,55,-1.0,
base,active,,46653.0,48453.0,20,-1.0,
base,active,,46687.0,48487.0,48,-1.0,
base,active,,46688.0,48488.0,44,-1.0,
base,active,,46689.0,48489.0,8,-1.0,
base,active,,46692.0,48492.0,56,-1.0,
base,active,,46704.0,48504.0,54,-1.0,
base,active,,46763.0,48563.0,52,-1.0,
base,active,,46795.0,48595.0,6,-1.0,
base,active,,46814.0,48614.0,32,-1.0,
base,active,,46834.0,48634.0,5,-1.0,
base,active,,46835.0,48635.0,59,-1.0,
base,active,,46961.0,48761.0,43,-1.0,
base,active,,46967.0,48767.0,28,-1.0,
base,active,,46974.0,48774.0,22,-1.0,
base,active,,46996.0,48796.0,37,-1.0,
base,active,,47000.0,48800.0,17,-1.0,
base,active,,47046.0,48846.0,11,-1.0,
base,active,,47068.0,48868.0,58,-1.0,
base,active,,47083.0,48883.0,40,-1.0,
base,active,,47085.0,48885.0,42,-1.0,
base,active,,47092.0,48892.0,34 38,-1.0,
base,active,,47141.0,48941.0,23,-1.0,
base,active,,47148.0,48948.0,36,-1.0,
base,active,,47154.0,48954.0,15,-1.0,
base,active,,47166.0,48966.0,49,-1.0,
base,active,,47188.0,48988.0,30,-1.0,
base,active,,47191.0,48991.0,31,-1.0,
base,active,,47227.0,49027.0,1,-1.0,
base,active,,47257.0,49057.0,41,-1.0,
base,active,,47301.0,49101.0,63,-1.0,
base,active,,47307.0,49107.0,14,-1.0,
base,active,,47370.0,49170.0,3,-1.0,
base,active,,47395.0,49195.0,57,-1.0,
base,active,,47436.0,49236.0,29,-1.0,
base,active,,47477.0,49277.0,27,-1.0,
base,active,,47508.0,49308.0,10,-1.0,
base,active,,47521.0,49321.0,26,-1.0,
base,active,,47707.0,49507.0,2,-1.0,
base,active,,47711.0,49511.0,7,-1.0,
base,active,,47750.0,49550.0,50,-1.0,
base,active,,47786.0,49586.0,45,-1.0,
base,active,,47798.0,49598.0,25,-1.0,
base,active,,47868.0,49668.0,60,-1.0,
base,active,,48020.0,49820.0,12,-1.0,
base,active,,48073.0,49873.0,13,-1.0,
base,active,,48160.0,49960.0,16,-1.0,
base,active,,48198.0,49998.0,21,-1.0,
base,active,,48208.0,50008.0,53,-1.0,
base,active,,48221.0,50021.0,46,-1.0,
base,active,,48247.0,50047.0,24,-1.0,
base,active,,48257.0,50057.0,39,-1.0,
base,active,,48295.0,50095.0,0,-1.0,
base,switching_off,,48424.0,51124.0,47 61,-2.0,
base,switching_off,,48426.0,51126.0,19,-2.0,
base,switching_off,,48427.0,51127.0,4 62,-2.0,
base,switching_off,,48428.0,51128.0,18,-2.0,
base,switching_off,,48433.0,51133.0,9,-2.0,
base,switching_off,,48435.0,51135.0,35,-2.0,
base,switching_off,,48438.0,51138.0,51,-2.0,
base,switching_off,,48442.0,51142.0,33,-2.0,
base,switching_off,,48452.0,51152.0,55,-2.0,
base,switching_off,,48453.0,51153.0,20,-2.0,
base,switching_off,,48487.0,51187.0,48,-2.0,
base,switching_off,,48488.0,51188.0,44,-2.0,
base,switching_off,,48489.0,51189.0,8,-2.0,
base,switching_off,,48492.0,51192.0,56,-2.0,
base,switching_off,,48504.0,51204.0,54,-2.0,
base,switching_off,,48563.0,51263.0,52,-2.0,
base,switching_off,,48595.0,51295.0,6,-2.0,
base,switching_off,,48614.0,51314.0,32,-2.0,
base,switching_off,,48634.0,51334.0,5,-2.0,
base,switching_off,,48635.0,51335.0,59,-2.0,
base,switching_off,,48761.0,51461.0,43,-2.0,
base,switching_off,,48767.0,51467.0,28,-2.0,
base,switching_off,,48774.0,51474.0,22,-2.0,
base,switching_off,,48796.0,51496.0,37,-2.0,
base,switching_off,,48800.0,51500.0,17,-2.0,
base,switching_off,,48846.0,51546.0,11,-2.0,
base,switching_off,,48868.0,51568.0,58,-2.0,
base,switching_off,,48883.0,51583.0,40,-2.0,
base,switching_off,,48885.0,51585.0,42,-2.0,
base,switching_off,,48892.0,51592.0,34 38,-2.0,
base,switching_off,,48941.0,51641.0,23,-2.0,
base,switching_off,,48948.0,51648.0,36,-2.0,
base,switching_off,,48954.0,51654.0,15,-2.0,
base,switching_off,,48966.0,51666.0,49,-2.0,
base,switching_off,,48988.0,51688.0,30,-2.0,
base,switching_off,,48991.0,51691.0,31,-2.0,
base,switching_off,,49027.0,51727.0,1,-2.0,
base,switching_off,,49057.0,51757.0,41,-2.0,
base,switching_off,,49101.0,51801.0,63,-2.0,
base,switching_off,,49107.0,51807.0,14,-2.0,
base,switching_off,,49170.0,51870.0,3,-2.0,
base,switching_off,,49195.0,51895.0,57,-2.0,
base,switching_off,,49236.0,51936.0,29,-2.0,
base,switching_off,,49277.0,51977.0,27,-2.0,
base,switching_off,,49308.0,52008.0,10,-2.0,
base,switching_off,,49321.0,52021.0,26,-2.0,
base,switching_off,,49507.0,52207.0,2,-2.0,
base,switching_off,,49511.0,52211.0,7,-2.0,
base,switching_off,,49550.0,52250.0,50,-2.0,
base,switching_off,,49586.0,52286.0,45,-2.0,
base,switching_off,,49598.0,52298.0,25,-2.0,
base,switching_off,,49668.0,52368.0,60,-2.0,
base,switching_off,,49820.0,52520.0,12,-2.0,
base,switching_off,,49873.0,52573.0,13,-2.0,
base,switching_off,,49960.0,52660.0,16,-2.0,
base,switching_off,,49998.0,52698.0,21,-2.0,
base,switching_off,,50008.0,52708.0,53,-2.0,
base,switching_off,,50021.0,52721.0,46,-2.0,
base,switching_off,,50047.0,52747.0,24,-2.0,
base,switching_off,,50057.0,52757.0,39,-2.0,
base,switching_off,,50095.0,52795.0,0,-2.0,
base,sleeping,,51124.0,52795.0,47 61,-4.0,
base,sleeping,,51126.0,52795.0,19,-4.0,
base,sleeping,,51127.0,52795.0,4 62,-4.0,
base,sleeping,,51128.0,52795.0,18,-4.0,
base,sleeping,,51133.0,52795.0,9,-4.0,
base,sleeping,,51135.0,52795.0,35,-4.0,
base,sleeping,,51138.0,52795.0,51,-4.0,
base,sleeping,,51142.0,52795.0,33,-4.0,
base,sleeping,,51152.0,52795.0,55,-4.0,
base,sleeping,,51153.0,52795.0,20,-4.0,
base,sleeping,,51187.0,52795.0,48,-4.0,
base,sleeping,,51188.0,52795.0,44,-4.0,
base,sleeping,,51189.0,52795.0,8,-4.0,
base,sleeping,,51192.0,52795.0,56,-4.0,
base,sleeping,,51204.0,52795.0,54,-4.0,
base,sleeping,,51263.0,52795.0,52,-4.0,
base,sleeping,,51295.0,52795.0,6,-4.0,
base,sleeping,,51314.0,52795.0,32,-4.0,
base,sleeping,,51334.0,52795.0,5,-4.0,
base,sleeping,,51335.0,52795.0,59,-4.0,
base,sleeping,,51461.0,52795.0,43,-4.0,
base,sleeping,,51467.0,52795.0,28,-4.0,
base,sleeping,,51474.0,52795.0,22,-4.0,
base,sleeping,,51496.0,52795.0,37,-4.0,
base,sleeping,,51500.0,52795.0,17,-4.0,
base,sleeping,,51546.0,52795.0,11,-4.0,
base,sleeping,,51568.0,52795.0,58,-4.0,
base,sleeping,,51583.0,52795.0,40,-4.0,
base,sleeping,,51585.0,52795.0,42,-4.0,
base,sleeping,,51592.0,52795.0,34 38,-4.0,
base,sleeping,,51641.0,52795.0,23,-4.0,
base,sleeping,,51648.0,52795.0,36,-4.0,
base,sleeping,,51654.0,52795.0,15,-4.0,
base,sleeping,,51666.0,52795.0,49,-4.0,
base,sleeping,,51688.0,52795.0,30,-4.0,
base,sleeping,,51691.0,52795.0,31,-4.0,
base,sleeping,,51727.0,52795.0,1,-4.0,
base,sleeping,,51757.0,52795.0,41,-4.0,
base,sleeping,,51801.0,52795.0,63,-4.0,
base,sleeping,,51807.0,52795.0,14,-4.0,
base,sleeping,,51870.0,52795.0,3,-4.0,
base,sleeping,,51895.0,52795.0,57,-4.0,
base,sleeping,,51936.0,52795.0,29,-4.0,
base,sleeping,,51977.0,52795.0,27,-4.0,
base,sleeping,,52008.0,52795.0,10,-4.0,
base,sleeping,,52021.0,52795.0,26,-4.0,
base,sleeping,,52207.0,52795.0,2,-4.0,
base,sleeping,,52211.0,52795.0,7,-4.0,
base,sleeping,,52250.0,52795.0,50,-4.0,
base,sleeping,,52286.0,52795.0,45,-4.0,
base,sleeping,,52298.0,52795.0,25,-4.0,
base,sleeping,,52368.0,52795.0,60,-4.0,
base,sleeping,,52520.0,52795.0,12,-4.0,
base,sleeping,,52573.0,52795.0,13,-4.0,
base,sleeping,,52660.0,52795.0,16,-4.0,
base,sleeping,,52698.0,52795.0,21,-4.0,
base,sleeping,,52708.0,52795.0,53,-4.0,
base,sleeping,,52721.0,52795.0,46,-4.0,
base,sleeping,,52747.0,52795.0,24,-4.0,
base,sleeping,,52757.0,52795.0,39,-4.0,
base,switching_on,,52795.0,54595.0,0 1 2 3 4 5 6 7 8 9 10 11 12 13 14 15 16 17 18 19 20 21 22 23 24 25 26 27 28 29 30 31 32 33 34 35 36 37 38 39 40 41 42 43 44 45 46 47 48 49 50 51 52 53 54 55 56 57 58 59 60 61 62 63,-3.0,
base,active,49973.0,54595.0,54597.0,0 1 2 3 4 5 6 7 8 9 10 11 12 13 14 15 16 17 18 19 20 21 22 23 24 25 26 27 28 29 30 31 32 33 34 35 36 37 38 39 40 41 42 43 44 45 46 47 48 49 50 51 52 53 54 55 56 57 58 59 60 61 62 63,9262620.0,False
base,active,50059.0,54597.0,54966.0,0 1 2 3 4 5 6 7 8 9 10 11 12 13 14 15 16 17 18 19 20 21 22 23 24 25 26 27 28 29 30 31 32 33 34 35 36 37 38 39 40 41 42 43 44 45 46 47 48 49 50 51 52 53 54 55 56 57 58 59 60 61 62 63,9262621.0,False
base,active,,54966.0,56766.0,0 1 2 3 4 5 6 7 8 9 10 11 12 13 14 15 16 17 18 19 20 21 22 23 24 25 26 27 28 29 30 31 32 33 34 35 36 37 38 39 40 41 42 43 44 45 46 47 48 49 50 51 52 53 54 55 56 57 58 59 60 61 62 63,-1.0,
base,switching_off,,56766.0,59466.0,0 1 2 3 4 5 6 7 8 9 10 11 12 13 14 15 16 17 18 19 20 21 22 23 24 25 26 27 28 29 30 31 32 33 34 35 36 37 38 39 40 41 42 43 44 45 46 47 48 49 50 51 52 53 54 55 56 57 58 59 60 61 62 63,-2.0,
base,sleeping,,59466.0,62278.0,0 1 2 3 4 5 6 7 8 9 10 11 12 13 14 15,-4.0,
base,sleeping,,59466.0,65386.0,16 17 18 19 20 21 22 23 24 25 26 27 28 29 30 31,-4.0,
base,sleeping,,59466.0,65620.0,32 33 34 35 36 37 38 39 40 41 42 43 44 45 46 47,-4.0,
base,sleeping,,59466.0,66091.0,48 49 50 51 52 53 54 55 56 57 58 59 60 61 62 63,-4.0,
base,switching_on,,62278.0,64078.0,0 1 2 3 4 5 6 7 8 9 10 11 12 13 14 15,-3.0,
base,active,62278.0,64078.0,66650.0,0 1 2 3 4 5 6 7 8 9 10 11 12 13 14 15,9262622.0,False
base,switching_on,,65386.0,67186.0,16 17 18 19 20 21 22 23 24 25 26 27 28 29 30 31,-3.0,
base,switching_on,,65620.0,67420.0,32 33 34 35 36 37 38 39 40 41 42 43 44 45 46 47,-3.0,
base,switching_on,,66091.0,67891.0,48 49 50 51 52 53 54 55 56 57 58 59 60 61 62 63,-3.0,
base,active,,66650.0,68450.0,0 1 2 3 4 5 6 7 8 9 10 11 12 13 14 15,-1.0,
base,active,65386.0,67186.0,67269.0,16 17 18 19 20 21 22 23 24 25 26 27 28 29 30 31,9262623.0,False
base,active,,67269.0,69069.0,16 17 18 19 20 21 22 23 24 25 26 27 28 29 30 31,-1.0,
base,active,65620.0,67420.0,67875.0,32 33 34 35 36 37 38 39 40 41 42 43 44 45 46 47,9262624.0,False
base,active,,67875.0,69675.0,32 33 34 35 36 37 38 39 40 41 42 43 44 45 46 47,-1.0,
base,active,66091.0,67891.0,70108.0,48 49 50 51 52 53 54 55 56 57 58 59 60 61 62 63,9262625.0,False
base,switching_off,,68450.0,71150.0,0 1 2 3 4 5 6 7 8 9 10 11 12 13 14 15,-2.0,
base,switching_off,,69069.0,71769.0,16 17 18 19 20 21 22 23 24 25 26 27 28 29 30 31,-2.0,
base,switching_off,,69675.0,72375.0,32 33 34 35 36 37 38 39 40 41 42 43 44 45 46 47,-2.0,
base,active,,70108.0,71693.0,48 49 50 51 52 53 54 55 56 57 58 59 60 61 62 63,-1.0,
base,sleeping,,71150.0,71693.0,0 1 2 3 4 5 6 7 8 9 10 11 12 13 14 15,-4.0,
base,active,71693.0,71693.0,71704.0,48 49 50 51 52 53 54 55,9262626.0,False
base,active,71693.0,71693.0,71704.0,56 57 58 59 60 61 62 63,9262627.0,False
base,switching_on,,71693.0,73493.0,0 1 2 3 4 5 6 7 8 9 10 11 12 13 14 15,-3.0,
base,active,71693.0,71704.0,71712.0,48 49 50 51 52 53 54 55,9262630.0,False
base,active,71693.0,71704.0,71715.0,56 57 58 59 60 61 62 63,9262631.0,False
base,active,71693.0,71712.0,71723.0,48 49 50 51 52 53 54 55,9262632.0,False
base,active,71693.0,71715.0,71723.0,56 57 58 59 60 61 62 63,9262633.0,False
base,active,71693.0,71723.0,71729.0,48 49 50 51 52 53 54 55,9262634.0,False
base,active,71693.0,71723.0,71731.0,56 57 58 59 60 61 62 63,9262635.0,False
base,active,71693.0,71729.0,71740.0,48 49 50 51 52 53 54 55,9262636.0,False
base,active,71693.0,71731.0,71742.0,56 57 58 59 60 61 62 63,9262637.0,False
base,active,71693.0,71740.0,71748.0,48 49 50 51 52 53 54 55,9262638.0,False
base,active,71693.0,71742.0,71753.0,56 57 58 59 60 61 62 63,9262639.0,False
base,active,71693.0,71748.0,71759.0,48 49 50 51 52 53 54 55,9262640.0,False
base,active,71693.0,71753.0,71761.0,56 57 58 59 60 61 62 63,9262641.0,False
base,active,71693.0,71759.0,71765.0,48 49 50 51 52 53 54 55,9262642.0,False
base,active,71693.0,71761.0,71767.0,56 57 58 59 60 61 62 63,9262643.0,False
base,active,71693.0,71765.0,71771.0,48 49 50 51 52 53 54 55,9262644.0,False
base,active,71693.0,71767.0,71774.0,56 57 58 59 60 61 62 63,9262645.0,False
base,switching_on,,71769.0,73569.0,16 17 18 19 20 21 22 23 24 25 26 27 28 29 30 31,-3.0,
base,active,71693.0,71771.0,71778.0,48 49 50 51 52 53 54 55,9262648.0,False
base,active,71693.0,71774.0,71781.0,56 57 58 59 60 61 62 63,9262649.0,False
base,active,71693.0,71778.0,71784.0,48 49 50 51 52 53 54 55,9262650.0,False
base,active,71693.0,71781.0,71786.0,56 57 58 59 60 61 62 63,9262651.0,False
base,active,71694.0,71784.0,71791.0,48 49 50 51 52 53 54 55,9262652.0,False
base,active,71694.0,71786.0,71792.0,56 57 58 59 60 61 62 63,9262653.0,False
base,active,71694.0,71791.0,71797.0,48 49 50 51 52 53 54 55,9262654.0,False
base,active,71694.0,71792.0,71799.0,56 57 58 59 60 61 62 63,9262655.0,False
base,active,71694.0,71797.0,71804.0,48 49 50 51 52 53 54 55,9262656.0,False
base,active,71694.0,71799.0,71805.0,56 57 58 59 60 61 62 63,9262657.0,False
base,active,71694.0,71804.0,71810.0,48 49 50 51 52 53 54 55,9262658.0,False
base,active,71694.0,71805.0,71811.0,56 57 58 59 60 61 62 63,9262659.0,False
base,active,71694.0,71810.0,71817.0,48 49 50 51 52 53 54 55,9262660.0,False
base,active,71694.0,71811.0,71817.0,56 57 58 59 60 61 62 63,9262661.0,False
base,active,71694.0,71817.0,71824.0,48 49 50 51 52 53 54 55,9262662.0,False
base,active,71694.0,71817.0,71824.0,56 57 58 59 60 61 62 63,9262663.0,False
base,active,71694.0,71824.0,71829.0,56 57 58 59 60 61 62 63,9262665.0,False
base,active,71694.0,71824.0,71830.0,48 49 50 51 52 53 54 55,9262664.0,False
base,active,71694.0,71829.0,71836.0,56 57 58 59 60 61 62 63,9262666.0,False
base,active,71694.0,71830.0,71837.0,48 49 50 51 52 53 54 55,9262667.0,False
base,active,71694.0,71836.0,71843.0,56 57 58 59 60 61 62 63,9262668.0,False
base,active,71694.0,71837.0,71844.0,48 49 50 51 52 53 54 55,9262669.0,False
base,active,71694.0,71843.0,71850.0,56 57 58 59 60 61 62 63,9262670.0,False
base,active,71694.0,71844.0,71851.0,48 49 50 51 52 53 54 55,9262671.0,False
base,active,71694.0,71850.0,71857.0,56 57 58 59 60 61 62 63,9262672.0,False
base,active,71694.0,71851.0,71857.0,48 49 50 51 52 53 54 55,9262673.0,False
base,active,71694.0,71857.0,71863.0,48 49 50 51 52 53 54 55,9262674.0,False
base,active,71694.0,71857.0,71863.0,56 57 58 59 60 61 62 63,9262675.0,False
base,active,71694.0,71863.0,71869.0,48 49 50 51 52 53 54 55,9262676.0,False
base,active,71694.0,71863.0,71869.0,56 57 58 59 60 61 62 63,9262677.0,False
base,active,71694.0,71869.0,71875.0,48 49 50 51 52 53 54 55,9262678.0,False
base,active,71694.0,71869.0,71875.0,56 57 58 59 60 61 62 63,9262679.0,False
base,active,71694.0,71875.0,71881.0,48 49 50 51 52 53 54 55,9262680.0,False
base,active,71694.0,71875.0,71881.0,56 57 58 59 60 61 62 63,9262681.0,False
base,active,71694.0,71881.0,71887.0,48 49 50 51 52 53 54 55,9262682.0,False
base,active,71694.0,71881.0,71887.0,56 57 58 59 60 61 62 63,9262683.0,False
base,active,71694.0,71887.0,71893.0,48 49 50 51 52 53 54 55,9262684.0,False
base,active,71694.0,71887.0,71893.0,56 57 58 59 60 61 62 63,9262685.0,False
base,active,71694.0,71893.0,71899.0,48 49 50 51 52 53 54 55,9262686.0,False
base,active,71694.0,71893.0,71899.0,56 57 58 59 60 61 62 63,9262687.0,False
base,active,71694.0,71899.0,71902.0,48 49 50 51 52 53 54 55,9262688.0,False
base,active,,71899.0,72228.0,56 57 58 59 60 61 62 63,-1.0,
base,active,,71902.0,72228.0,48 49 50 51 52 53 54 55,-1.0,
base,active,72228.0,72228.0,72622.0,56 57 58 59 60 61 62 63,9262689.0,False
base,active,72228.0,72228.0,72622.0,48 49 50 51 52 53 54 55,9262690.0,False
base,switching_on,,72375.0,74175.0,32 33 34 35 36 37 38 39 40 41 42 43 44 45 46 47,-3.0,
base,active,72228.0,72622.0,73016.0,48 49 50 51 52 53 54 55,9262693.0,False
base,active,72228.0,72622.0,73016.0,56 57 58 59 60 61 62 63,9262694.0,False
base,active,72228.0,73016.0,73410.0,48 49 50 51 52 53 54 55,9262695.0,False
base,active,72228.0,73016.0,73410.0,56 57 58 59 60 61 62 63,9262696.0,False
base,active,72228.0,73410.0,73804.0,48 49 50 51 52 53 54 55,9262697.0,False
base,active,72228.0,73410.0,73804.0,56 57 58 59 60 61 62 63,9262698.0,False
base,active,71693.0,73493.0,73501.0,0 1 2 3 4 5 6 7,9262628.0,False
base,active,71693.0,73493.0,73501.0,8 9 10 11 12 13 14 15,9262629.0,False
base,active,72228.0,73501.0,73895.0,0 1 2 3 4 5 6 7,9262699.0,False
base,active,72228.0,73501.0,73895.0,8 9 10 11 12 13 14 15,9262700.0,False
base,active,71693.0,73569.0,73575.0,16 17 18 19 20 21 22 23,9262646.0,False
base,active,71693.0,73569.0,73576.0,24 25 26 27 28 29 30 31,9262647.0,False
base,active,72228.0,73575.0,73969.0,16 17 18 19 20 21 22 23,9262701.0,False
base,active,72228.0,73576.0,73970.0,24 25 26 27 28 29 30 31,9262702.0,False
base,active,72228.0,73804.0,74198.0,48 49 50 51 52 53 54 55,9262703.0,False
base,active,72228.0,73804.0,74198.0,56 57 58 59 60 61 62 63,9262704.0,False
base,active,72817.0,73895.0,74035.0,0 1 2 3 4 5 6 7,9262752.0,False
base,active,72817.0,73895.0,74035.0,8 9 10 11 12 13 14 15,9262753.0,False
base,active,72817.0,73969.0,74109.0,16 17 18 19 20 21 22 23,9262754.0,False
base,active,72817.0,73970.0,74110.0,24 25 26 27 28 29 30 31,9262755.0,False
base,active,72817.0,74035.0,74175.0,0 1 2 3 4 5 6 7,9262756.0,False
base,active,72817.0,74035.0,74175.0,8 9 10 11 12 13 14 15,9262757.0,False
base,active,72817.0,74109.0,74249.0,16 17 18 19 20 21 22 23,9262758.0,False
base,active,72817.0,74110.0,74250.0,24 25 26 27 28 29 30 31,9262759.0,False
base,active,72817.0,74175.0,74315.0,0 1 2 3 4 5 6 7,9262760.0,False
base,active,72817.0,74175.0,74315.0,8 9 10 11 12 13 14 15,9262761.0,False
base,active,72228.0,74175.0,74569.0,32 33 34 35 36 37 38 39,9262691.0,False
base,active,72228.0,74175.0,74569.0,40 41 42 43 44 45 46 47,9262692.0,False
base,active,72817.0,74198.0,74338.0,48 49 50 51 52 53 54 55,9262762.0,False
base,active,72817.0,74198.0,74338.0,56 57 58 59 60 61 62 63,9262763.0,False
base,active,72817.0,74249.0,74389.0,16 17 18 19 20 21 22 23,9262764.0,False
base,active,72817.0,74250.0,74390.0,24 25 26 27 28 29 30 31,9262765.0,False
base,active,72817.0,74315.0,74455.0,0 1 2 3 4 5 6 7,9262766.0,False
base,active,72817.0,74315.0,74455.0,8 9 10 11 12 13 14 15,9262767.0,False
base,active,72973.0,74338.0,78523.0,48 49 50 51 52 53 54 55,9262815.0,False
base,active,72974.0,74338.0,78533.0,56 57 58 59 60 61 62 63,9262816.0,False
base,active,72974.0,74389.0,78572.0,16 17 18 19 20 21 22 23,9262817.0,False
base,active,72974.0,74390.0,78630.0,24 25 26 27 28 29 30 31,9262818.0,False
base,active,72974.0,74455.0,78690.0,8 9 10 11 12 13 14 15,9262820.0,False
base,active,72974.0,74455.0,82527.0,0 1 2 3 4 5 6 7,9262819.0,False
base,active,72974.0,74569.0,74585.0,32 33 34 35 36 37 38 39,9262821.0,False
base,active,72974.0,74569.0,78797.0,40 41 42 43 44 45 46 47,9262822.0,False
base,active,72974.0,74585.0,78795.0,32 33 34 35 36 37 38 39,9262823.0,False
base,active,72974.0,78523.0,82753.0,48 49 50 51 52 53 54 55,9262824.0,False
base,active,72974.0,78533.0,82759.0,56 57 58 59 60 61 62 63,9262825.0,False
base,active,72974.0,78572.0,82794.0,16 17 18 19 20 21 22 23,9262826.0,False
base,active,72974.0,78630.0,82816.0,24 25 26 27 28 29 30 31,9262827.0,False
base,active,72974.0,78690.0,82884.0,8 9 10 11 12 13 14 15,9262828.0,False
base,active,72974.0,78795.0,83000.0,32 33 34 35 36 37 38 39,9262829.0,False
base,active,72974.0,78797.0,82994.0,40 41 42 43 44 45 46 47,9262830.0,False
base,active,72974.0,82527.0,86763.0,0 1 2 3 4 5 6 7,9262831.0,False
base,active,72974.0,82753.0,86640.0,48 49 50 51 52 53 54 55,9262832.0,False
base,active,72974.0,82759.0,86615.0,56 57 58 59 60 61 62 63,9262833.0,False
base,active,72974.0,82794.0,86650.0,16 17 18 19 20 21 22 23,9262834.0,False
base,active,72974.0,82816.0,86672.0,24 25 26 27 28 29 30 31,9262835.0,False
base,active,72974.0,82884.0,86740.0,8 9 10 11 12 13 14 15,9262836.0,False
base,active,72974.0,82994.0,86850.0,40 41 42 43 44 45 46 47,9262837.0,False
base,active,72974.0,83000.0,86856.0,32 33 34 35 36 37 38 39,9262838.0,False
base,active,72974.0,86615.0,90471.0,56 57 58 59 60 61 62 63,9262839.0,False
base,active,72974.0,86640.0,90465.0,48 49 50 51 52 53 54 55,9262840.0,False
base,active,72974.0,86650.0,90475.0,16 17 18 19 20 21 22 23,9262841.0,False
base,active,72974.0,86672.0,90497.0,24 25 26 27 28 29 30 31,9262842.0,False
base,active,72974.0,86740.0,90565.0,8 9 10 11 12 13 14 15,9262843.0,False
base,active,72974.0,86763.0,90588.0,0 1 2 3 4 5 6 7,9262844.0,False
base,active,72974.0,86850.0,90675.0,40 41 42 43 44 45 46 47,9262845.0,False
base,active,72974.0,86856.0,90650.0,32 33 34 35 36 37 38 39,9262846.0,False
base,active,,90465.0,90471.0,48 49 50 51 52 53 54 55,-1.0,
base,active,74930.0,90471.0,93455.0,48 49 50 51 52 53 54 55 56 57 58 59 60 61 62 63,9262878.0,False
base,active,,90475.0,90497.0,16 17 18 19 20 21 22 23,-1.0,
base,active,75869.0,90497.0,90529.0,16 17 18 19 20 21 22 23 24 25 26 27 28 29 30 31,9262879.0,False
base,active,78228.0,90529.0,101305.0,24 25 26 27 28 29 30 31,9262881.0,False
base,active,78226.0,90529.0,101306.0,16 17 18 19 20 21 22 23,9262880.0,False
base,active,78229.0,90565.0,101342.0,8 9 10 11 12 13 14 15,9262882.0,False
base,active,78231.0,90588.0,101367.0,0 1 2 3 4 5 6 7,9262883.0,False
base,active,78232.0,90650.0,101427.0,32 33 34 35 36 37 38 39,9262884.0,False
base,active,78233.0,90675.0,101453.0,40 41 42 43 44 45 46 47,9262885.0,False
base,active,81120.0,93455.0,95862.0,56 57 58 59 60 61 62 63,9262887.0,False
base,active,78235.0,93455.0,98957.0,48 49 50 51 52 53 54 55,9262886.0,False
base,active,81120.0,95862.0,98278.0,56 57 58 59 60 61 62 63,9262888.0,False
base,active,81120.0,98278.0,100701.0,56 57 58 59 60 61 62 63,9262889.0,False
base,active,81120.0,98957.0,101389.0,48 49 50 51 52 53 54 55,9262890.0,False
base,active,81120.0,100701.0,103119.0,56 57 58 59 60 61 62 63,9262891.0,False
base,active,81120.0,101305.0,103743.0,24 25 26 27 28 29 30 31,9262892.0,False
base,active,81120.0,101306.0,103715.0,16 17 18 19 20 21 22 23,9262893.0,False
base,active,81120.0,101342.0,103780.0,8 9 10 11 12 13 14 15,9262894.0,False
base,active,81120.0,101367.0,103815.0,0 1 2 3 4 5 6 7,9262895.0,False
base,active,81120.0,101389.0,103817.0,48 49 50 51 52 53 54 55,9262896.0,False
base,active,81120.0,101427.0,103900.0,32 33 34 35 36 37 38 39,9262897.0,False
base,active,81120.0,101453.0,103916.0,40 41 42 43 44 45 46 47,9262898.0,False
base,active,81120.0,103119.0,105550.0,56 57 58 59 60 61 62 63,9262899.0,False
base,active,81120.0,103715.0,106159.0,16 17 18 19 20 21 22 23,9262900.0,False
base,active,81120.0,103743.0,106184.0,24 25 26 27 28 29 30 31,9262901.0,False
base,active,81120.0,103780.0,106241.0,8 9 10 11 12 13 14 15,9262902.0,False
base,active,81120.0,103815.0,106229.0,0 1 2 3 4 5 6 7,9262903.0,False
base,active,81120.0,103817.0,106213.0,48 49 50 51 52 53 54 55,9262904.0,False
base,active,81120.0,103900.0,106313.0,32 33 34 35 36 37 38 39,9262905.0,False
base,active,81120.0,103916.0,106317.0,40 41 42 43 44 45 46 47,9262906.0,False
base,active,81121.0,105550.0,107959.0,56 57 58 59 60 61 62 63,9262907.0,False
base,active,81121.0,106159.0,108566.0,16 17 18 19 20 21 22 23,9262908.0,False
base,active,81121.0,106184.0,108590.0,24 25 26 27 28 29 30 31,9262909.0,False
base,active,81121.0,106213.0,108641.0,48 49 50 51 52 53 54 55,9262910.0,False
base,active,81121.0,106229.0,108654.0,0 1 2 3 4 5 6 7,9262911.0,False
base,active,81121.0,106241.0,108662.0,8 9 10 11 12 13 14 15,9262912.0,False
base,active,81121.0,106313.0,108728.0,32 33 34 35 36 37 38 39,9262913.0,False
base,active,81121.0,106317.0,108708.0,40 41 42 43 44 45 46 47,9262914.0,False
base,active,81121.0,107959.0,110373.0,56 57 58 59 60 61 62 63,9262915.0,False
base,active,81121.0,108566.0,110985.0,16 17 18 19 20 21 22 23,9262916.0,False
base,active,81121.0,108590.0,111004.0,24 25 26 27 28 29 30 31,9262917.0,False
base,active,81121.0,108641.0,111045.0,48 49 50 51 52 53 54 55,9262918.0,False
base,active,81121.0,108654.0,111055.0,0 1 2 3 4 5 6 7,9262919.0,False
base,active,81121.0,108662.0,111049.0,8 9 10 11 12 13 14 15,9262920.0,False
base,active,81121.0,108708.0,111142.0,40 41 42 43 44 45 46 47,9262921.0,False
base,active,81121.0,108728.0,108746.0,32 33 34 35 36 37 38 39,9262922.0,False
base,active,81121.0,108746.0,111168.0,32 33 34 35 36 37 38 39,9262923.0,False
base,active,81121.0,110373.0,112810.0,56 57 58 59 60 61 62 63,9262924.0,False
base,active,81121.0,110985.0,113416.0,16 17 18 19 20 21 22 23,9262925.0,False
base,active,81121.0,111004.0,113450.0,24 25 26 27 28 29 30 31,9262926.0,False
base,active,81121.0,111045.0,113436.0,48 49 50 51 52 53 54 55,9262927.0,False
base,active,81121.0,111049.0,113467.0,8 9 10 11 12 13 14 15,9262928.0,False
base,active,81121.0,111055.0,113460.0,0 1 2 3 4 5 6 7,9262929.0,False
base,active,81121.0,111142.0,113585.0,40 41 42 43 44 45 46 47,9262930.0,False
base,active,81121.0,111168.0,113581.0,32 33 34 35 36 37 38 39,9262931.0,False
base,active,81121.0,112810.0,115233.0,56 57 58 59 60 61 62 63,9262932.0,False
base,active,81121.0,113416.0,115839.0,16 17 18 19 20 21 22 23,9262933.0,False
base,active,81121.0,113436.0,115852.0,48 49 50 51 52 53 54 55,9262934.0,False
base,active,81121.0,113450.0,115861.0,24 25 26 27 28 29 30 31,9262935.0,False
base,active,81121.0,113460.0,115874.0,0 1 2 3 4 5 6 7,9262936.0,False
base,active,81121.0,113467.0,115896.0,8 9 10 11 12 13 14 15,9262937.0,False
base,active,81121.0,113581.0,115978.0,32 33 34 35 36 37 38 39,9262938.0,False
base,active,81121.0,113585.0,115987.0,40 41 42 43 44 45 46 47,9262939.0,False
base,active,81121.0,115233.0,117633.0,56 57 58 59 60 61 62 63,9262940.0,False
base,active,81121.0,115839.0,118251.0,16 17 18 19 20 21 22 23,9262941.0,False
base,active,81121.0,115852.0,118262.0,48 49 50 51 52 53 54 55,9262942.0,False
base,active,81121.0,115861.0,118277.0,24 25 26 27 28 29 30 31,9262943.0,False
base,active,81121.0,115874.0,118279.0,0 1 2 3 4 5 6 7,9262944.0,False
base,active,81121.0,115896.0,118301.0,8 9 10 11 12 13 14 15,9262945.0,False
base,active,81121.0,115978.0,118387.0,32 33 34 35 36 37 38 39,9262946.0,False
base,active,81121.0,115987.0,118408.0,40 41 42 43 44 45 46 47,9262947.0,False
base,active,81121.0,117633.0,120062.0,56 57 58 59 60 61 62 63,9262948.0,False
base,active,81121.0,118251.0,120657.0,16 17 18 19 20 21 22 23,9262949.0,False
base,active,81121.0,118262.0,120389.0,48 49 50 51 52 53 54 55,9262950.0,False
base,active,81121.0,118277.0,120400.0,24 25 26 27 28 29 30 31,9262951.0,False
base,active,81121.0,118279.0,120395.0,0 1 2 3 4 5 6 7,9262952.0,False
base,active,81121.0,118301.0,120414.0,8 9 10 11 12 13 14 15,9262953.0,False
base,active,81121.0,118387.0,120497.0,32 33 34 35 36 37 38 39,9262954.0,False
base,active,81121.0,118408.0,120527.0,40 41 42 43 44 45 46 47,9262955.0,False
base,active,81121.0,120062.0,122176.0,56 57 58 59 60 61 62 63,9262956.0,False
base,active,81121.0,120389.0,122475.0,48 49 50 51 52 53 54 55,9262957.0,False
base,active,81121.0,120395.0,122494.0,0 1 2 3 4 5 6 7,9262958.0,False
base,active,81121.0,120400.0,122504.0,24 25 26 27 28 29 30 31,9262959.0,False
base,active,81121.0,120414.0,122521.0,8 9 10 11 12 13 14 15,9262960.0,False
base,active,81121.0,120497.0,122615.0,32 33 34 35 36 37 38 39,9262961.0,False
base,active,81121.0,120527.0,122636.0,40 41 42 43 44 45 46 47,9262962.0,False
base,active,81121.0,120657.0,122773.0,16 17 18 19 20 21 22 23,9262963.0,False
base,active,81121.0,122176.0,124287.0,56 57 58 59 60 61 62 63,9262964.0,False
base,active,81122.0,122475.0,124586.0,48 49 50 51 52 53 54 55,9262965.0,False
base,active,81122.0,122494.0,124615.0,0 1 2 3 4 5 6 7,9262966.0,False
base,active,81122.0,122504.0,124614.0,24 25 26 27 28 29 30 31,9262967.0,False
base,active,81122.0,122521.0,124632.0,8 9 10 11 12 13 14 15,9262968.0,False
base,active,81122.0,122615.0,124724.0,32 33 34 35 36 37 38 39,9262969.0,False
base,active,81122.0,122636.0,124739.0,40 41 42 43 44 45 46 47,9262970.0,False
base,active,81122.0,122773.0,124873.0,16 17 18 19 20 21 22 23,9262971.0,False
base,active,81122.0,124287.0,126397.0,56 57 58 59 60 61 62 63,9262972.0,False
base,active,81122.0,124586.0,126684.0,48 49 50 51 52 53 54 55,9262973.0,False
base,active,81122.0,124614.0,126705.0,24 25 26 27 28 29 30 31,9262974.0,False
base,active,81122.0,124615.0,126723.0,0 1 2 3 4 5 6 7,9262975.0,False
base,active,81122.0,124632.0,126751.0,8 9 10 11 12 13 14 15,9262976.0,False
base,active,81122.0,124724.0,126829.0,32 33 34 35 36 37 38 39,9262977.0,False
base,active,81122.0,124739.0,126863.0,40 41 42 43 44 45 46 47,9262978.0,False
base,active,81122.0,124873.0,126970.0,16 17 18 19 20 21 22 23,9262979.0,False
base,active,81122.0,126397.0,128524.0,56 57 58 59 60 61 62 63,9262980.0,False
base,active,81122.0,126684.0,128787.0,48 49 50 51 52 53 54 55,9262981.0,False
base,active,81122.0,126705.0,128833.0,24 25 26 27 28 29 30 31,9262982.0,False
base,active,81122.0,126723.0,128847.0,0 1 2 3 4 5 6 7,9262983.0,False
base,active,81122.0,126751.0,128870.0,8 9 10 11 12 13 14 15,9262984.0,False
base,active,81122.0,126829.0,128935.0,32 33 34 35 36 37 38 39,9262985.0,False
base,active,81122.0,126863.0,128966.0,40 41 42 43 44 45 46 47,9262986.0,False
base,active,81122.0,126970.0,129067.0,16 17 18 19 20 21 22 23,9262987.0,False
base,active,81122.0,128524.0,130638.0,56 57 58 59 60 61 62 63,9262988.0,False
base,active,81122.0,128787.0,130897.0,48 49 50 51 52 53 54 55,9262989.0,False
base,active,81122.0,128833.0,130939.0,24 25 26 27 28 29 30 31,9262990.0,False
base,active,81122.0,128847.0,130955.0,0 1 2 3 4 5 6 7,9262991.0,False
base,active,81122.0,128870.0,130996.0,8 9 10 11 12 13 14 15,9262992.0,False
base,active,81122.0,128935.0,131046.0,32 33 34 35 36 37 38 39,9262993.0,False
base,active,81122.0,128966.0,131072.0,40 41 42 43 44 45 46 47,9262994.0,False
base,active,81122.0,129067.0,131183.0,16 17 18 19 20 21 22 23,9262995.0,False
base,active,81122.0,130638.0,132747.0,56 57 58 59 60 61 62 63,9262996.0,False
base,active,81122.0,130897.0,133008.0,48 49 50 51 52 53 54 55,9262997.0,False
base,active,81122.0,130939.0,133065.0,24 25 26 27 28 29 30 31,9262998.0,False
base,active,81122.0,130955.0,133063.0,0 1 2 3 4 5 6 7,9262999.0,False
base,active,81122.0,130996.0,133104.0,8 9 10 11 12 13 14 15,9263000.0,False
base,active,81122.0,131046.0,133163.0,32 33 34 35 36 37 38 39,9263001.0,False
base,active,81122.0,131072.0,133163.0,40 41 42 43 44 45 46 47,9263002.0,False
base,active,81122.0,131183.0,133293.0,16 17 18 19 20 21 22 23,9263003.0,False
base,active,81122.0,132747.0,134882.0,56 57 58 59 60 61 62 63,9263004.0,False
base,active,81122.0,133008.0,135133.0,48 49 50 51 52 53 54 55,9263005.0,False
base,active,81122.0,133063.0,135169.0,0 1 2 3 4 5 6 7,9263006.0,False
base,active,81122.0,133065.0,135172.0,24 25 26 27 28 29 30 31,9263007.0,False
base,active,81122.0,133104.0,135222.0,8 9 10 11 12 13 14 15,9263008.0,False
base,active,81122.0,133163.0,135247.0,40 41 42 43 44 45 46 47,9263010.0,False
base,active,81122.0,133163.0,135269.0,32 33 34 35 36 37 38 39,9263009.0,False
base,active,,133293.0,134882.0,16 17 18 19 20 21 22 23,-1.0,
base,active,82707.0,134882.0,134885.0,16 17 18 19 20 21 22 23 56 57 58 59 60 61 62 63,9263011.0,False
base,active,83394.0,134885.0,137938.0,16 17 18 19 20 21 22 23 56 57 58 59 60 61 62 63,9263012.0,False
base,active,,135133.0,136933.0,48 49 50 51 52 53 54 55,-1.0,
base,active,,135169.0,136969.0,0 1 2 3 4 5 6 7,-1.0,
base,active,,135172.0,136972.0,24 25 26 27 28 29 30 31,-1.0,
base,active,,135222.0,137022.0,8 9 10 11 12 13 14 15,-1.0,
base,active,,135247.0,137047.0,40 41 42 43 44 45 46 47,-1.0,
base,active,,135269.0,137069.0,32 33 34 35 36 37 38 39,-1.0,
base,switching_off,,136933.0,137938.0,48 49 50 51 52 53 54 55,-2.0,
base,switching_off,,136969.0,137938.0,0 1 2 3 4 5 6 7,-2.0,
base,switching_off,,136972.0,137938.0,24 25 26 27 28 29 30 31,-2.0,
base,switching_off,,137022.0,137938.0,8 9 10 11 12 13 14 15,-2.0,
base,switching_off,,137047.0,137938.0,40 41 42 43 44 45 46 47,-2.0,
base,switching_off,,137069.0,137938.0,32 33 34 35 36 37 38 39,-2.0,
