timeout_s,timeout_min,algo,total_energy_consumption,total_energy_waste,mean_waiting_time
300,5,EASY_PSAS (NEW),21641160592.0,5055215700.0,1158.315716657443
300,5,EASY_PSAS (OLD),22794125524.0,6293682180.0,1259.833148865523
300,5,FCFS_PSAS (NEW),21789115241.0,5207076610.0,1601.880188157167
300,5,FCFS_PSAS (OLD),22826685614.0,6320490280.0,1917.4623685666847
300,5,SJF_PSAS (NEW 2),22095906259.0,5533593630.0,1151.674875484228
300,5,SJF_PSAS (NEW),22095906259.0,5533593630.0,1151.674875484228
600,10,EASY_PSAS (NEW),21843568548.0,5257158140.0,1030.9695628112895
600,10,EASY_PSAS (OLD),23132041121.0,6638307610.0,1042.1217487548422
600,10,FCFS_PSAS (NEW),22017916798.0,5438312640.0,1488.4147758716103
600,10,FCFS_PSAS (OLD),23093555272.0,6593015700.0,1551.6344770337575
600,10,SJF_PSAS (NEW 2),22179786908.0,5608895740.0,1014.9020475926952
600,10,SJF_PSAS (NEW),22179786908.0,5608895740.0,1014.9020475926952
900,15,EASY_PSAS (NEW),21936432589.0,5343672330.0,887.7197011621472
900,15,EASY_PSAS (OLD),23364005653.0,6871195290.0,967.7775318206972
900,15,FCFS_PSAS (NEW),22285944675.0,5710369070.0,1352.959878251245
900,15,FCFS_PSAS (OLD),23382163030.0,6885930120.0,1229.216104039845
900,15,SJF_PSAS (NEW 2),22403020362.0,5834124800.0,923.3992805755396
900,15,SJF_PSAS (NEW),22403020362.0,5834124800.0,923.3992805755396
1200,20,EASY_PSAS (NEW),22249979432.0,5668662700.0,836.2440509131156
1200,20,EASY_PSAS (OLD),23704608738.0,7218350240.0,840.447703375761
1200,20,FCFS_PSAS (NEW),22568688033.0,6003688490.0,1222.802158273381
1200,20,FCFS_PSAS (OLD),23707443198.0,7221228440.0,1051.5741560597676
1200,20,SJF_PSAS (NEW 2),22784788851.0,6229934270.0,845.8862755949087
1200,20,SJF_PSAS (NEW),22784788851.0,6229934270.0,845.8862755949087
1500,25,EASY_PSAS (NEW),22532963403.0,5961185510.0,784.3843386828999
1500,25,EASY_PSAS (OLD),23884812519.0,7397551430.0,778.0783065855009
1500,25,FCFS_PSAS (NEW),22982179701.0,6435703130.0,1181.597952407305
1500,25,FCFS_PSAS (OLD),24021251043.0,7540482590.0,1012.8749308245712
1500,25,SJF_PSAS (NEW 2),23084354861.0,6545206810.0,807.0390149418927
1500,25,SJF_PSAS (NEW),23084354861.0,6545206810.0,807.0390149418927
1800,30,EASY_PSAS (NEW),22798639799.0,6235659550.0,743.1903707802988
1800,30,EASY_PSAS (OLD),24322577490.0,7854507920.0,693.6322634200332
1800,30,FCFS_PSAS (NEW),23137488089.0,6590562850.0,1121.4817376867736
1800,30,FCFS_PSAS (OLD),24247684034.0,7773006880.0,920.6931377974544
1800,30,SJF_PSAS (NEW 2),23293162796.0,6756815860.0,738.6289429994466
1800,30,SJF_PSAS (NEW),23293162796.0,6756815860.0,738.6289429994466
2100,35,EASY_PSAS (NEW),23049419352.0,6495176420.0,689.267293857222
2100,35,EASY_PSAS (OLD),24492093789.0,8027341250.0,687.7916436081904
2100,35,FCFS_PSAS (NEW),23499154758.0,6967776560.0,1087.7227448810183
2100,35,FCFS_PSAS (OLD),24533288846.0,8068349080.0,986.571389042612
2100,35,SJF_PSAS (NEW 2),23634386168.0,7112819140.0,759.0536801328168
2100,35,SJF_PSAS (NEW),23634386168.0,7112819140.0,759.0536801328168
2400,40,EASY_PSAS (NEW),23248384847.0,6700074310.0,633.986441615938
2400,40,EASY_PSAS (OLD),24696564761.0,8234502970.0,591.5013835085778
2400,40,FCFS_PSAS (NEW),23704714988.0,7180779700.0,1068.4443829551744
2400,40,FCFS_PSAS (OLD),24781467879.0,8321100590.0,869.956281128943
2400,40,SJF_PSAS (NEW 2),23734074271.0,7213495110.0,730.2509684560044
2400,40,SJF_PSAS (NEW),23734074271.0,7213495110.0,730.2509684560044
2700,45,EASY_PSAS (NEW),23509261230.0,6971914520.0,582.9142224681793
2700,45,EASY_PSAS (OLD),24896547314.0,8441449480.0,561.0857775318207
2700,45,FCFS_PSAS (NEW),23895939313.0,7378613490.0,926.9991698948534
2700,45,FCFS_PSAS (OLD),25042108419.0,8593730030.0,808.9745434421693
2700,45,SJF_PSAS (NEW 2),23911298792.0,7398689500.0,647.4183729939126
2700,45,SJF_PSAS (NEW),23911298792.0,7398689500.0,647.4183729939126
3000,50,EASY_PSAS (NEW),23795559609.0,7269500330.0,602.3696734919756
3000,50,EASY_PSAS (OLD),25225435355.0,8783337670.0,531.6353071389043
3000,50,FCFS_PSAS (NEW),24313388663.0,7813644790.0,923.795517432208
3000,50,FCFS_PSAS (OLD),25352342962.0,8914870800.0,785.0888212506918
3000,50,SJF_PSAS (NEW 2),24160825030.0,7659132720.0,604.822634200332
3000,50,SJF_PSAS (NEW),24160825030.0,7659132720.0,604.822634200332
3300,55,EASY_PSAS (NEW),24138249443.0,7627690990.0,538.0481460985059
3300,55,EASY_PSAS (OLD),25434766923.0,9000048590.0,523.0376314333149
3300,55,FCFS_PSAS (NEW),24513300448.0,8020953540.0,836.759822910902
3300,55,FCFS_PSAS (OLD),25476946801.0,9040988610.0,748.5298837852795
3300,55,SJF_PSAS (NEW 2),24470905361.0,7980856810.0,570.2069728832319
3300,55,SJF_PSAS (NEW),24470905361.0,7980856810.0,570.2069728832319
3600,60,EASY_PSAS (NEW),24224214850.0,7714059120.0,520.9117321527393
3600,60,EASY_PSAS (OLD),25641100950.0,9212122520.0,443.1483121195352
3600,60,FCFS_PSAS (NEW),24584583859.0,8092314630.0,799.216104039845
3600,60,FCFS_PSAS (OLD),25639974406.0,9208380360.0,617.1460985058108
3600,60,SJF_PSAS (NEW 2),24538752125.0,8045580970.0,544.0570005534034
3600,60,SJF_PSAS (NEW),24538752125.0,8045580970.0,544.0570005534034
